懒人版糖醋排骨	http://i3.xiachufang.com/image/140/a01083729f0211e3b4a6e0db5512b209.jpg	/recipe/1064357/	猪小排、料酒、盐、酱油、米醋、白糖、姜片
可乐鸡翅	http://i1.xiachufang.com/image/140/0b8f8abe9ee311e38844b8ca3aeed2d7.jpg	/recipe/1000229/	鸡翅、可乐、盐、料酒、老抽、生抽
可乐鸡翅	http://i4.xiachufang.com/image/140/3b7d02009ee411e38844b8ca3aeed2d7.jpg	/recipe/1001901/	鸡翅、干红辣椒、可乐、老抽
秘制红烧肉	http://i2.xiachufang.com/image/140/333923a49eca11e3b4a6e0db5512b209.jpg	/recipe/79916/	五花肉、蒜蓉、酱油、糖、盐、水
麻婆豆腐	http://i2.xiachufang.com/image/140/fe70a2b49ec911e38844b8ca3aeed2d7.jpg	/recipe/78140/	豆腐、郫县豆瓣、肉沫、花椒粒、辣椒粉、花椒末、胡椒末、水淀粉、小葱
鱼香肉丝	http://i3.xiachufang.com/image/140/49fcb6a49ee911e3b4a6e0db5512b209.jpg	/recipe/1010097/	猪腿肉、泡椒、姜、蒜、葱、水发木耳、胡萝卜、白糖、香醋(保宁醋/镇江香醋)、老抽、生抽、盐、清汤、淀粉
蒸水蛋	http://i3.xiachufang.com/image/140/2c42c1709ef411e38844b8ca3aeed2d7.jpg	/recipe/1045736/	鸡蛋、盐、酱油、油、温水、葱花
吃着碗里望着锅里的红烧肉	http://i3.xiachufang.com/image/140/f55c60929f3611e38844b8ca3aeed2d7.jpg	/recipe/100023960/	五花肉、八角、花椒、香叶、干辣椒、葱、姜、生抽、老抽、冰糖、盐、蜂蜜
盐煎鸡翅	http://i3.xiachufang.com/image/140/d1ea180e9f0211e38844b8ca3aeed2d7.jpg	/recipe/1065262/	鸡中翅、盐、花生油、黑椒粉或孜然粉或辣椒粉（非必要）
阿婆手撕包菜	http://i1.xiachufang.com/image/140/9d66a2ae9ee011e3b4a6e0db5512b209.jpg	/recipe/264149/	圆白菜、干红椒、五花肉、大蒜、生姜、盐、蚝油、生抽、花椒油
油焖大虾	http://i1.xiachufang.com/image/140/bbc36ea29ee111e38844b8ca3aeed2d7.jpg	/recipe/266791/	对虾、姜、蒜、香葱、白糖、番茄酱（或西红柿）、生抽、料酒、盐
胡萝卜玉米排骨汤	http://i2.xiachufang.com/image/140/ace31d526df311e3b42bb8ca3aeed2d7.jpg	/recipe/1070987/	排骨、胡萝卜、玉米、葱、姜、盐、鸡精
家常蛋炒饭	http://i3.xiachufang.com/image/140/2959881c9ee611e38844b8ca3aeed2d7.jpg	/recipe/1005369/	米饭、鸡蛋、豌豆、胡萝卜、玉米粒、盐、料酒、鸡精
糖醋排骨	http://i4.xiachufang.com/image/140/d1a305bc9ee511e38844b8ca3aeed2d7.jpg	/recipe/1004711/	排骨、生姜、大蒜、冰糖、醋、盐、白胡椒粉、白芝麻
鱼香肉丝	http://i2.xiachufang.com/image/140/93fddad09edf11e38844b8ca3aeed2d7.jpg	/recipe/261379/	里脊肉、青红辣椒、红萝卜、干木耳、郫县豆瓣酱、蒜瓣、姜蓉、泡椒、葱白、盐、糖、香醋、酱油、料酒、油、淀粉、清水
懒人版糖醋排骨	http://i3.xiachufang.com/image/140/a01083729f0211e3b4a6e0db5512b209.jpg	/recipe/1064357/	猪小排、料酒、盐、酱油、米醋、白糖、姜片
可乐鸡翅	http://i1.xiachufang.com/image/140/0b8f8abe9ee311e38844b8ca3aeed2d7.jpg	/recipe/1000229/	鸡翅、可乐、盐、料酒、老抽、生抽
可乐鸡翅	http://i4.xiachufang.com/image/140/3b7d02009ee411e38844b8ca3aeed2d7.jpg	/recipe/1001901/	鸡翅、干红辣椒、可乐、老抽
秘制红烧肉	http://i2.xiachufang.com/image/140/333923a49eca11e3b4a6e0db5512b209.jpg	/recipe/79916/	五花肉、蒜蓉、酱油、糖、盐、水
麻婆豆腐	http://i2.xiachufang.com/image/140/fe70a2b49ec911e38844b8ca3aeed2d7.jpg	/recipe/78140/	豆腐、郫县豆瓣、肉沫、花椒粒、辣椒粉、花椒末、胡椒末、水淀粉、小葱
鱼香肉丝	http://i3.xiachufang.com/image/140/49fcb6a49ee911e3b4a6e0db5512b209.jpg	/recipe/1010097/	猪腿肉、泡椒、姜、蒜、葱、水发木耳、胡萝卜、白糖、香醋(保宁醋/镇江香醋)、老抽、生抽、盐、清汤、淀粉
蒸水蛋	http://i3.xiachufang.com/image/140/2c42c1709ef411e38844b8ca3aeed2d7.jpg	/recipe/1045736/	鸡蛋、盐、酱油、油、温水、葱花
吃着碗里望着锅里的红烧肉	http://i3.xiachufang.com/image/140/f55c60929f3611e38844b8ca3aeed2d7.jpg	/recipe/100023960/	五花肉、八角、花椒、香叶、干辣椒、葱、姜、生抽、老抽、冰糖、盐、蜂蜜
盐煎鸡翅	http://i3.xiachufang.com/image/140/d1ea180e9f0211e38844b8ca3aeed2d7.jpg	/recipe/1065262/	鸡中翅、盐、花生油、黑椒粉或孜然粉或辣椒粉（非必要）
阿婆手撕包菜	http://i1.xiachufang.com/image/140/9d66a2ae9ee011e3b4a6e0db5512b209.jpg	/recipe/264149/	圆白菜、干红椒、五花肉、大蒜、生姜、盐、蚝油、生抽、花椒油
油焖大虾	http://i1.xiachufang.com/image/140/bbc36ea29ee111e38844b8ca3aeed2d7.jpg	/recipe/266791/	对虾、姜、蒜、香葱、白糖、番茄酱（或西红柿）、生抽、料酒、盐
胡萝卜玉米排骨汤	http://i2.xiachufang.com/image/140/ace31d526df311e3b42bb8ca3aeed2d7.jpg	/recipe/1070987/	排骨、胡萝卜、玉米、葱、姜、盐、鸡精
家常蛋炒饭	http://i3.xiachufang.com/image/140/2959881c9ee611e38844b8ca3aeed2d7.jpg	/recipe/1005369/	米饭、鸡蛋、豌豆、胡萝卜、玉米粒、盐、料酒、鸡精
糖醋排骨	http://i4.xiachufang.com/image/140/d1a305bc9ee511e38844b8ca3aeed2d7.jpg	/recipe/1004711/	排骨、生姜、大蒜、冰糖、醋、盐、白胡椒粉、白芝麻
鱼香肉丝	http://i2.xiachufang.com/image/140/93fddad09edf11e38844b8ca3aeed2d7.jpg	/recipe/261379/	里脊肉、青红辣椒、红萝卜、干木耳、郫县豆瓣酱、蒜瓣、姜蓉、泡椒、葱白、盐、糖、香醋、酱油、料酒、油、淀粉、清水
大盘鸡	http://i1.xiachufang.com/image/140/40bf29f09ee411e38844b8ca3aeed2d7.jpg	/recipe/1001904/	鸡、土豆、洋葱、青椒、干红辣椒、花椒、八角、豆瓣酱、姜、蒜、酱油（老抽也行啊~、盐、料酒、啤酒、味精
酸辣土豆丝	http://i1.xiachufang.com/image/140/ec76be329ec811e38844b8ca3aeed2d7.jpg	/recipe/37746/	大土豆、青辣椒、小红椒、大蒜、葱姜、油、花椒、醋、盐、辣椒油
糖醋里脊	http://i2.xiachufang.com/image/140/62f5146a9edc11e3b4a6e0db5512b209.jpg	/recipe/254133/	猪里脊、白糖、番茄酱、鸡蛋、姜、生粉、白胡椒粉、盐、白芝麻
番茄炒蛋	http://i3.xiachufang.com/image/140/24909b7a9ee311e38844b8ca3aeed2d7.jpg	/recipe/1000357/	番茄、鸡蛋、盐、糖
无油版可乐鸡翅	http://i4.xiachufang.com/image/140/4b79ff8e9ee711e38844b8ca3aeed2d7.jpg	/recipe/1007413/	鸡翅、酱油、可口可乐
剁椒金针菇	http://i2.xiachufang.com/image/140/57b8a77a9ee011e38844b8ca3aeed2d7.jpg	/recipe/264074/	金针菇、剁椒、蒸鱼豉油、小葱、食用油
红烧排骨	http://i2.xiachufang.com/image/140/3e1523649ee211e3b4a6e0db5512b209.jpg	/recipe/268353/	排骨、葱、姜、蒜、盐、生抽、老抽、料酒、白糖、鸡精
红烧排骨	http://i2.xiachufang.com/image/140/207838649ec411e38844b8ca3aeed2d7.jpg	/recipe/9730/	排骨、清水、冰糖、油、香葱、姜片、桂皮、八角、细盐、生抽、花雕酒
酱烧茄子	http://i1.xiachufang.com/image/140/2b3887d09ee311e38844b8ca3aeed2d7.jpg	/recipe/1000443/	茄子、葱、姜、蒜、酱油、醋、糖、盐、胡椒粉、生抽、水淀粉
客家酿豆腐	http://i3.xiachufang.com/image/140/983c4d469f0411e38844b8ca3aeed2d7.jpg	/recipe/1066884/	豆腐、猪肉、花生油、盐、生抽、蚝油、胡椒粉、鸡粉、香葱
可乐鸡翅	http://i4.xiachufang.com/image/140/beabe3d89ec811e38844b8ca3aeed2d7.jpg	/recipe/35653/	鸡翅、可乐、葱、姜、盐、老抽、料酒
清蒸鱼	http://i1.xiachufang.com/image/140/b852890c6df311e3b42bb8ca3aeed2d7.jpg	/recipe/1071031/	鱼、蒸鱼豉油、植物油、料酒、盐、葱、姜
家常豆腐	http://i3.xiachufang.com/image/140/1b7a92149ee011e38844b8ca3aeed2d7.jpg	/recipe/263049/	豆腐、鸡蛋、青椒、红椒、木耳、老干妈豆豉、泡椒、生抽、老抽、鸡精、糖、水、水淀粉
麻辣香锅	http://i2.xiachufang.com/image/140/b71157549ed011e3b4a6e0db5512b209.jpg	/recipe/142733/	平菇、金针菇、藕、腐竹、蟹柳、五花肉、虾仁、鱿鱼卷、香肠、黑木耳、油菜、菠菜、白菜、洋葱、八角、花椒粉、葱、姜、蒜、青椒、红辣椒、干辣椒、香菜、豆瓣酱、花生、白芝麻、孜然、辣椒油、盐、糖
西红柿炒鸡蛋	http://i1.xiachufang.com/image/140/6af015769ee511e38844b8ca3aeed2d7.jpg	/recipe/1004069/	西红柿、鸡蛋、料酒、水、油、盐、葱花
红烧肉	http://i3.xiachufang.com/image/140/9cfd8c989ecb11e3b4a6e0db5512b209.jpg	/recipe/94881/	五花肉、葱、姜、蒜、冰糖、花椒、大料、小茴香、干辣椒、老抽生抽调好的汁
原汁原味的蘑菇	http://i4.xiachufang.com/image/140/42df234c9eef11e38844b8ca3aeed2d7.jpg	/recipe/1026337/	蘑菇、盐巴、黑胡椒
香辣口水鸡	http://i4.xiachufang.com/image/140/40a1e93a9f2f11e38844b8ca3aeed2d7.jpg	/recipe/100013174/	主料：、鸡腿、香葱、姜片、花椒、调味料：、香葱、姜、蒜、香菜、小米椒、花椒油、辣椒油、香油、鲜酱油、香醋、白糖、熟白芝麻、熟花生米
香辣虾	http://i3.xiachufang.com/image/140/e3dcda889edf11e38844b8ca3aeed2d7.jpg	/recipe/262574/	虾、干红辣椒、葱、蒜、花椒、香辣酱、香油、盐、糖、熟白芝麻
酱烧茄子	http://i2.xiachufang.com/image/140/1694a1cc9f2611e38844b8ca3aeed2d7.jpg	/recipe/1101648/	茄子、大蒜、黄豆酱（豆瓣酱、大酱）、老抽、生抽、糖、黄酒、清水、肉末或者五花肉（可有可无）
青椒素炒杏鲍菇	http://i3.xiachufang.com/image/140/25f22c349f2611e38844b8ca3aeed2d7.jpg	/recipe/1101899/	青椒、杏鲍菇、大蒜瓣、生抽、老抽、鸡精、盐
干煸四季豆	http://i3.xiachufang.com/image/140/c9e6176a9ee511e38844b8ca3aeed2d7.jpg	/recipe/1005172/	四季豆、猪肉末、姜、蒜、料酒、生抽、盐、糖、鸡精
罗宋汤	http://i1.xiachufang.com/image/140/ce037aa49ec711e38844b8ca3aeed2d7.jpg	/recipe/22747/	牛肉、洋葱、土豆、番茄、圆白菜、胡萝卜、番茄沙司、面粉、黄油、植物油、黑胡椒、盐
虎皮青椒	http://i4.xiachufang.com/image/140/11d3b6769edd11e3b4a6e0db5512b209.jpg	/recipe/256030/	青辣椒、青辣椒 | 大蒜、香醋、白糖、生抽、油、盐、大蒜、香醋、白糖、生抽、油、盐
孜然洋葱土豆片	http://i3.xiachufang.com/image/140/7307bc109ee411e38844b8ca3aeed2d7.jpg	/recipe/1002830/	土豆、洋葱、孜然、干辣椒、盐、生抽、老干妈
香煎培根金针菇卷	http://i4.xiachufang.com/image/140/42de68149ed911e38844b8ca3aeed2d7.jpg	/recipe/229921/	培根、金针菇、黑胡椒碎、熟白芝麻
茄子豆角	http://i2.xiachufang.com/image/140/c542ef849ee111e38844b8ca3aeed2d7.jpg	/recipe/267078/	茄子、豆角、干辣椒、大蒜、蚝油、生抽、油
红烧猪蹄	http://i4.xiachufang.com/image/140/ab7c763e6df311e3b42bb8ca3aeed2d7.jpg	/recipe/1070983/	猪蹄、冰糖、干辣椒、葱、姜、桂皮、八角、花椒、老抽、料酒、植物油
蛋包豆腐丁	http://i3.xiachufang.com/image/140/c92a43cc9ee111e38844b8ca3aeed2d7.jpg	/recipe/267432/	鸡蛋、豆腐、火腿、香葱、料酒、油、盐、水淀粉
番茄炒蛋	http://i1.xiachufang.com/image/140/ff9734a29eea11e38844b8ca3aeed2d7.jpg	/recipe/1012917/	番茄、鸡蛋、盐、葱花
麻辣香锅	http://i1.xiachufang.com/image/140/d1c397789eef11e3b4a6e0db5512b209.jpg	/recipe/1039579/	五花肉、虾 | 香菇、金针菇、青笋、香芹、藕、辣椒、葱、姜、蒜、花椒、大料、桂皮、小茴香、火锅底料、郫县豆瓣、料酒、白糖
手撕杏鲍菇	http://i2.xiachufang.com/image/140/84c292229f3411e3b4a6e0db5512b209.jpg	/recipe/100021799/	杏鲍菇、香葱、姜、蒜、小米椒、芝麻油、鲜酱油、米醋、白糖、盐
辣子鸡	http://i1.xiachufang.com/image/140/1f6ac7209ec411e3b4a6e0db5512b209.jpg	/recipe/10122/	鸡腿肉、盐、酱油、糖、干辣椒、花椒、八角、葱、食用油、熟芝麻
酱香肉末烧茄子	http://i4.xiachufang.com/image/140/d836a40a9ed711e3b4a6e0db5512b209.jpg	/recipe/197653/	茄子、黄酱、红辣椒、葱、蒜头、姜、肉末、生粉、生抽、料酒、白糖、鸡粉
肉末蒸豆腐	http://i4.xiachufang.com/image/140/fff9dc149ec811e3b4a6e0db5512b209.jpg	/recipe/37775/	绢豆腐、肉泥、榨菜、油、生抽、盐、葱、姜
醋溜白菜	http://i3.xiachufang.com/image/140/f0e567a09ecf11e3b4a6e0db5512b209.jpg	/recipe/128555/	白菜、盐、葱、姜、蒜、生抽、海鲜酱油、白糖、陈醋、水淀粉、香油
手撕包菜	http://i4.xiachufang.com/image/140/25223bc89ec711e38844b8ca3aeed2d7.jpg	/recipe/17978/	卷心菜、蒜、干辣椒、花椒、陈醋、老抽、糖、盐、鸡精
翡翠白玉卷	http://i1.xiachufang.com/image/140/5b1df8f69ee111e38844b8ca3aeed2d7.jpg	/recipe/265959/	肉末、虾仁、大白菜、胡萝卜、香菇、甜玉米、生抽、料酒、淀粉、胡椒粉、香油、盐
素干煸豆角	http://i3.xiachufang.com/image/140/4f5c8d629eea11e38844b8ca3aeed2d7.jpg	/recipe/1011628/	豆角、蒜、姜、干辣椒、花椒、酱油、盐、糖
酸辣土豆丝	http://i4.xiachufang.com/image/140/6ae86b8c9f2111e38844b8ca3aeed2d7.jpg	/recipe/1094648/	土豆、香葱、大蒜、生姜、干辣椒、郫县豆瓣酱、香醋、糖、盐、胡椒粉
土豆炖排骨	http://i1.xiachufang.com/image/140/533c24d89ee011e3b4a6e0db5512b209.jpg	/recipe/263531/	排骨、土豆、胡萝卜、香菇、青椒、盐、料酒、酱油、白糖、葱、姜、蒜、花椒、八角
干锅菜花	http://i4.xiachufang.com/image/140/e05abb089ee111e38844b8ca3aeed2d7.jpg	/recipe/267390/	菜花、五花肉、姜、蒜、辣椒、盐、酱油
糖醋脆皮豆腐	http://i3.xiachufang.com/image/140/16a5f43c9ef811e3b4a6e0db5512b209.jpg	/recipe/1049580/	老豆腐、醋、番茄酱、生抽、盐、糖、水淀粉、葱花、芝麻
糯米珍珠丸子	http://i1.xiachufang.com/image/140/6b199934765211e3a293e0db5512b209.jpg	/recipe/1006438/	糯米、猪肉馅、鸡蛋、葱姜蒜（茸）、米酒（料酒类透明米酒，非糯米酒）、胡椒粉、盐、糖、鸡精、生抽、芝麻香油
酸菜鱼	http://i1.xiachufang.com/image/140/625033d49ecb11e38844b8ca3aeed2d7.jpg	/recipe/93257/	酸菜、鱼 | 姜、蒜、干辣椒、大葱、料酒、胡椒粉、鸡蛋、料酒、淀粉
蒜蓉粉丝娃娃菜	http://i3.xiachufang.com/image/140/6085cd749ee011e38844b8ca3aeed2d7.jpg	/recipe/263459/	娃娃菜、粉丝、大蒜、剁椒、生抽、蒸鱼豉油
肥牛金针菇	http://i1.xiachufang.com/image/140/d33036f89eda11e38844b8ca3aeed2d7.jpg	/recipe/246111/	肥牛片、金针菇、葱花、陴县豆瓣酱、盐、蒜蓉、油
红烧鸡腿	http://i2.xiachufang.com/image/140/cc5e1bf89f2311e38844b8ca3aeed2d7.jpg	/recipe/1098210/	鸡腿、盐、生抽、冰糖、八角、大葱、生姜、味精
鱼香豆腐	http://i2.xiachufang.com/image/140/abe262d49ee311e3b4a6e0db5512b209.jpg	/recipe/1001476/	豆腐、木耳、胡萝卜、香葱、番茄酱
水煮鱼	http://i1.xiachufang.com/image/140/22f0b9c09ecb11e3b4a6e0db5512b209.jpg	/recipe/91652/	草鱼、豆腐皮、油菜、郫县豆酱、花椒大料桂皮小茴香麻椒、葱、姜蒜、白酒、鸡蛋、胡椒粉、淀粉、麻油、红辣椒、盐
黑蒜子牛肉粒	http://i3.xiachufang.com/image/140/2e9ec89a9ef111e3b4a6e0db5512b209.jpg	/recipe/1042167/	牛里脊、蒜 | 西红柿、洋葱、胡萝卜、香菜梗、黑胡椒碎、盐、酱油、料酒、油、淀粉、鸡蛋、黄油、酱油、蚝油、糖、黑胡椒碎
回锅肉	http://i4.xiachufang.com/image/140/3af4d0269ec911e3b4a6e0db5512b209.jpg	/recipe/43597/	五花肉、郫县豆瓣酱、甜面酱、葱姜片、料酒、青蒜
木须肉	http://i1.xiachufang.com/image/140/3a96ff649ee211e38844b8ca3aeed2d7.jpg	/recipe/267863/	鸡蛋、瘦肉、黄瓜、胡萝卜、黑木耳、油、盐、生粉、白糖、生抽、淀粉
手撕包菜的入味烧法	http://i2.xiachufang.com/image/140/8fefceb09ec811e3b4a6e0db5512b209.jpg	/recipe/34204/	包菜、蒜头、干椒、猪油、盐、老陈醋、蚝油、生抽、鸡精
三色炒虾仁	http://i1.xiachufang.com/image/140/a7fa043c9edf11e3b4a6e0db5512b209.jpg	/recipe/261721/	虾仁、黄瓜、胡萝卜、玉米粒、油、盐、白酒、淀粉
宫保鸡丁	http://i3.xiachufang.com/image/140/26462b069ee311e38844b8ca3aeed2d7.jpg	/recipe/1000430/	鸡肉、黄瓜、青椒、花生、料酒、葱、姜、蒜、郫县豆瓣酱、干辣椒、花椒、醋、糖、盐、水淀粉
菠萝咕咾肉	http://i4.xiachufang.com/image/140/72f696cc9edc11e38844b8ca3aeed2d7.jpg	/recipe/254194/	里脊肉、菠萝、料酒、盐、黑胡椒、面粉、生抽、老抽、醋、蕃茄酱、糖、红椒
宫保虾球	http://i2.xiachufang.com/image/140/980877bc9f0b11e38844b8ca3aeed2d7.jpg	/recipe/1072717/	大虾、葱姜蒜、干辣椒、花椒、料酒、胡椒粉、盐、生抽、白糖、香醋、香油、淀粉、水适量、大杏仁适量
鲫鱼豆腐汤	http://i3.xiachufang.com/image/140/b09e5bc86df311e380a4e0db5512b209.jpg	/recipe/1070993/	鲫鱼、豆腐、食用油、料酒、葱姜蒜、盐、鸡精
青椒番茄土豆片	http://i1.xiachufang.com/image/140/2bd559dc9ee511e38844b8ca3aeed2d7.jpg	/recipe/1003833/	青椒、番茄、土豆、蒜、盐
红烧鸡翅	http://i1.xiachufang.com/image/140/02d7d5ee9ec911e38844b8ca3aeed2d7.jpg	/recipe/37778/	鸡翅中、葱姜、八角、桂皮、油、老抽、生抽、冰糖
京酱肉丝	http://i1.xiachufang.com/image/140/6c3168b49ecb11e38844b8ca3aeed2d7.jpg	/recipe/93480/	猪瘦肉、葱白、蛋清、甜面酱、盐、味精、料酒、白糖、葱末、湿淀粉、花生油
红烧土豆	http://i1.xiachufang.com/image/140/7b5d4f529ee311e3b4a6e0db5512b209.jpg	/recipe/1001083/	土豆、胡萝卜、香菇、盐、老抽、冰糖、八角
酸汤肥牛	http://i2.xiachufang.com/image/140/eec546169f1011e38844b8ca3aeed2d7.jpg	/recipe/1076897/	肥牛片、金针菇、青尖椒、红尖椒、海南黄灯笼辣椒酱、蒜、姜片、白醋、料酒、盐、糖、高汤
秘制红烧鸡爪	http://i1.xiachufang.com/image/140/572b69829ee011e38844b8ca3aeed2d7.jpg	/recipe/263454/	鸡爪、花椒、八角、桂皮、香叶、冰糖10g、料酒、老抽、生抽、十三香、姜
蚝油生菜	http://i4.xiachufang.com/image/140/2a1ffbba9ecc11e38844b8ca3aeed2d7.jpg	/recipe/99799/	蚝油、生菜、蒜、白糖、酱油、水淀粉
啤酒鸭	http://i4.xiachufang.com/image/140/17263e9a9ede11e38844b8ca3aeed2d7.jpg	/recipe/257181/	鸭腿、啤酒、葱、姜、蒜、干辣椒、八角、盐、糖、老抽、生抽、食用油
地三鲜	http://i4.xiachufang.com/image/140/16005eae9ec711e38844b8ca3aeed2d7.jpg	/recipe/17956/	土豆、青椒、茄子、生抽、盐、糖、水淀粉
虎皮尖椒	http://i3.xiachufang.com/image/140/fc0175f69eda11e3b4a6e0db5512b209.jpg	/recipe/247502/	尖椒、生抽、米醋、糖、蒜、植物油
蚂蚁上树	http://i3.xiachufang.com/image/140/7dc0b30a9eda11e3b4a6e0db5512b209.jpg	/recipe/245737/	肉馅、粉丝、葱姜蒜碎、剁椒、生抽、老抽、料酒、生粉、盐、糖
红烧冬瓜	http://i4.xiachufang.com/image/140/d33619149ec711e38844b8ca3aeed2d7.jpg	/recipe/23410/	冬瓜、白糖、生抽、老抽、盐、蚝油、鸡精
鱼香茄子	http://i2.xiachufang.com/image/140/7f8d586e9ee411e3b4a6e0db5512b209.jpg	/recipe/1002483/	茄子、青椒、蒜末、葱末、姜末、郫县辣酱、料酒、醋、酱油、糖、淀粉
红焖猪蹄	http://i1.xiachufang.com/image/140/70b75d6c9eda11e3b4a6e0db5512b209.jpg	/recipe/245569/	猪蹄、葱、姜、八角、花椒、生抽、老抽、料酒、冰糖、香油
水煮肉片	http://i1.xiachufang.com/image/140/abf1e2d09ed511e38844b8ca3aeed2d7.jpg	/recipe/185348/	猪瘦肉、豆芽、大油菜、郫县豆瓣酱、辣椒碎、花椒、干辣椒碎
四川回锅肉	http://i1.xiachufang.com/image/140/4105c1a09ec911e3b4a6e0db5512b209.jpg	/recipe/39989/	猪肉、青蒜、青椒、红椒、姜片、郫县红油豆瓣酱、料酒、生抽
农家小炒肉	http://i2.xiachufang.com/image/140/876086169ecf11e38844b8ca3aeed2d7.jpg	/recipe/126294/	猪肉、尖椒、葱、蒜
黄瓜木耳炒鸡蛋	http://i3.xiachufang.com/image/140/174bc28e9eeb11e3b4a6e0db5512b209.jpg	/recipe/1012720/	鸡蛋、黄瓜、黑木耳、葱花、油、盐、料酒
咖喱鸡块	http://i3.xiachufang.com/image/140/83fd18bc9ee411e38844b8ca3aeed2d7.jpg	/recipe/1002939/	鸡胸肉、洋葱、胡萝卜、土豆、葱、咖喱粉、椰子汁、酸奶、花生酱、芝士片、生粉、酱油、白胡椒粉、浓汤宝鸡汤
蒜蓉粉丝蒸娃娃菜	http://i4.xiachufang.com/image/140/243aeaa09ec411e3b4a6e0db5512b209.jpg	/recipe/11177/	娃娃菜、绿豆粉丝、大蒜、新鲜红椒、香葱、生抽、砂糖、鸡精、高汤(清水)、沙拉油
菠萝咕噜肉	http://i2.xiachufang.com/image/140/fd5c8f089eda11e38844b8ca3aeed2d7.jpg	/recipe/247165/	猪肉、菠萝、鸡蛋、小番茄、青椒、番茄酱、白醋、盐、生粉、糖、料酒
鲫鱼豆腐汤	http://i1.xiachufang.com/image/140/ef02d4569ec811e3b4a6e0db5512b209.jpg	/recipe/37750/	鲫鱼、豆腐、香葱、姜、油、盐
干煎杏鲍菇	http://i3.xiachufang.com/image/140/cc9fcc029ef511e38844b8ca3aeed2d7.jpg	/recipe/1047173/	杏鲍菇、盐、黑胡椒粉、橄榄油
糖醋藕丁	http://i1.xiachufang.com/image/140/15c0c4329ed211e3b4a6e0db5512b209.jpg	/recipe/164501/	藕、糖、葱花、醋、盐、鸡精、酱油、淀粉
苦瓜炒蛋	http://i3.xiachufang.com/image/140/de54a7129ecb11e38844b8ca3aeed2d7.jpg	/recipe/98510/	苦瓜、鸡蛋
糖醋排骨	http://i4.xiachufang.com/image/140/6221ccee9edd11e38844b8ca3aeed2d7.jpg	/recipe/256951/	猪排骨、姜、蒜、葱、冰糖、香醋、生抽、白芝麻
白灼金针菇	http://i2.xiachufang.com/image/140/a4fddadc9ecc11e38844b8ca3aeed2d7.jpg	/recipe/103058/	金针菇、小红椒、葱、生抽、白糖、盐、食用油
家常红烧鱼	http://i2.xiachufang.com/image/140/6dfb255e9edf11e38844b8ca3aeed2d7.jpg	/recipe/261654/	鲑鱼、蒜瓣、葱、姜片、花椒、红尖椒、香菜、六月鲜生抽、糖
水煮牛肉 (正宗川味家常)	http://i2.xiachufang.com/image/140/72b6d6809efb11e38844b8ca3aeed2d7.jpg	/recipe/1052133/	瘦牛肉、莴笋尖、黄豆芽、蒜、姜、郫县豆瓣酱、干淀粉、花椒面、干辣椒面、鸡精、花椒、菜籽油、水
口水鸡	http://i3.xiachufang.com/image/140/84f646629ee411e3b4a6e0db5512b209.jpg	/recipe/1002670/	鸡腿、老干妈豆豉、熟白芝麻、花椒粉、蒜、姜、葱、花生、芝麻酱、香醋、料酒、生抽、芝麻油、糖
豆腐肉末酿香菇	http://i3.xiachufang.com/image/140/2fa35dc09ecc11e38844b8ca3aeed2d7.jpg	/recipe/100439/	干香菇、猪肉、豆腐、胡萝卜、料酒、盐、水淀粉
腊肠炒荷兰豆	http://i2.xiachufang.com/image/140/bbaa39289ec811e38844b8ca3aeed2d7.jpg	/recipe/35511/	腊肠、荷兰豆、盐、味精
鲜虾番茄豆腐	http://i2.xiachufang.com/image/140/594b509c9f2611e3b4a6e0db5512b209.jpg	/recipe/1101962/	虾仁、豆腐、香葱、番茄酱、白砂糖、盐、淀粉
土豆炖鸡块	http://i1.xiachufang.com/image/140/fd2169b89ec711e38844b8ca3aeed2d7.jpg	/recipe/25365/	鸡肉、土豆、盐、料酒、葱、生抽、干辣椒
红烧牛肉面	http://i3.xiachufang.com/image/140/8df49c149eda11e38844b8ca3aeed2d7.jpg	/recipe/245958/	牛肉、面条、青菜、番茄、辣椒丝、大蒜、生姜、香叶、陈皮、八角、小茴香、桂皮、洋葱、香葱、冰糖、酱油、番茄酱、豆瓣酱
老干妈孜然莲藕	http://i1.xiachufang.com/image/140/14653ea69f3111e38844b8ca3aeed2d7.jpg	/recipe/100018494/	莲藕、老干妈油辣椒、孜然、白糖、味极鲜或者生抽
麻辣香锅鸡翅	http://i1.xiachufang.com/image/140/356f531e9ed911e3b4a6e0db5512b209.jpg	/recipe/229458/	鸡翅中、土豆、葱、姜、蒜、郫县豆瓣酱、辣椒、花椒、糖、盐、白酒
响油白菜	http://i2.xiachufang.com/image/140/831b22a09ef211e38844b8ca3aeed2d7.jpg	/recipe/1044103/	白菜、生抽、陈醋、盐、糖、花椒粉、辣椒粉、油、白芝麻
叉烧肉	http://i3.xiachufang.com/image/140/ab2d93f29ee011e38844b8ca3aeed2d7.jpg	/recipe/264286/	梅花肉、叉烧酱、葱白、姜、蒜、白酒、蜂蜜
西红柿烧豆腐	http://i3.xiachufang.com/image/140/167881fc9f0f11e3b4a6e0db5512b209.jpg	/recipe/1076104/	豆腐、鸡蛋、西红柿、小葱、酱油、蚝油、鸡精、水
干烧南瓜	http://i1.xiachufang.com/image/140/9ca9aed09ecf11e3b4a6e0db5512b209.jpg	/recipe/127059/	南瓜、生抽、老抽、糖、醋
青椒肉丝	http://i1.xiachufang.com/image/140/8621cd4e9ec711e3b4a6e0db5512b209.jpg	/recipe/20716/	猪肉、青椒、葱、姜、蒜、豆瓣酱
麻辣香锅	http://i2.xiachufang.com/image/140/96df9a389efb11e3b4a6e0db5512b209.jpg	/recipe/1052406/	莲藕、莴笋、土豆、菜花（小）、木耳、芹菜、大葱、蒜、姜、蒜苗、香菜、虾、瘦肉、午餐肉、生抽、糖、料酒、郫县豆瓣酱、干辣椒、花椒、十三香
小炒牛肉	http://i1.xiachufang.com/image/140/30cbe8169ee511e38844b8ca3aeed2d7.jpg	/recipe/1004020/	牛肉、干红辣椒、姜、蒜、青椒、酱油、生抽、胡椒粉、生粉、花椒、料酒
香脆炒黄瓜	http://i2.xiachufang.com/image/140/93f96ea69f0611e3b4a6e0db5512b209.jpg	/recipe/1068222/	黄瓜、盐、糖、干辣椒碎
小猪蛋羹	http://i3.xiachufang.com/image/140/ecaf2d129edc11e3b4a6e0db5512b209.jpg	/recipe/255708/	鸡蛋、清水、火腿片、紫菜
滑蛋虾仁	http://i3.xiachufang.com/image/140/c2b293709edf11e38844b8ca3aeed2d7.jpg	/recipe/262522/	虾仁、鸡蛋、纯牛奶、姜、白酒、盐、料酒
蒜蓉西兰花	http://i4.xiachufang.com/image/140/615fe7ec9ec811e38844b8ca3aeed2d7.jpg	/recipe/26334/	西兰花、大蒜、盐、橄榄油
可乐鸡翅	http://i1.xiachufang.com/image/140/f720b6fc9ee211e3b4a6e0db5512b209.jpg	/recipe/1000019/	鸡翅、可口可乐、盐、姜
西红柿鸡蛋汤	http://i4.xiachufang.com/image/140/abf456149ecb11e3b4a6e0db5512b209.jpg	/recipe/95832/	西红柿、鸡蛋、干淀粉、胡椒粉、盐、香油、葱花、香菜末
干煸菜花	http://i2.xiachufang.com/image/140/e5b36e049ede11e38844b8ca3aeed2d7.jpg	/recipe/259988/	菜花、蒜、干辣椒丝、花椒粒、盐、糖、醋、生抽
红烧鲫鱼	http://i2.xiachufang.com/image/140/edac0df09eca11e38844b8ca3aeed2d7.jpg	/recipe/89341/	鲫鱼、葱、姜、蒜、老抽、生抽
凉拌茄子	http://i2.xiachufang.com/image/140/8c4f0a269f0611e38844b8ca3aeed2d7.jpg	/recipe/1068612/	紫茄子、葱姜蒜、酱油、醋、味精、盐、油泼辣椒、花椒或者藤椒油、白糖
浇汁香菇油菜	http://i1.xiachufang.com/image/140/73bcd1549ee911e3b4a6e0db5512b209.jpg	/recipe/1010375/	香菇、小油菜、姜末、淀粉、冷水、生抽、糖
家常炒面	http://i3.xiachufang.com/image/140/53f12c7c9ec511e38844b8ca3aeed2d7.jpg	/recipe/12590/	手擀面、肉末、卷心菜、葱花、火腿丁、盐、酱油、料酒、鸡粉、辣椒酱
土豆炖豆角	http://i2.xiachufang.com/image/140/3b9df8aa9eff11e3b4a6e0db5512b209.jpg	/recipe/1060130/	豆角、东北大酱、土豆、大蒜、油、葱花
西红柿烧茄子	http://i4.xiachufang.com/image/140/67122c909ec811e38844b8ca3aeed2d7.jpg	/recipe/29880/	大圆茄子、西红柿、蒜、葱、盐、糖、醋、酱油
蒜薹炒肉	http://i2.xiachufang.com/image/140/7b7d88089ecf11e38844b8ca3aeed2d7.jpg	/recipe/126321/	蒜薹、猪后腿肉、葱、姜末、水淀粉、酱油、盐
川味土豆烧排骨	http://i3.xiachufang.com/image/140/3a2ddb9a9ecb11e3b4a6e0db5512b209.jpg	/recipe/91845/	排骨、土豆、郫县豆瓣酱、酱油、料酒、姜末、大料、花椒、糖、盐、油
玉子虾仁	http://i4.xiachufang.com/image/140/5304c2ae9ecc11e38844b8ca3aeed2d7.jpg	/recipe/101475/	日本豆腐、鲜虾、青豆、盐、一品鲜、香油、淀粉、水
咖喱饭	http://i4.xiachufang.com/image/140/85c135829eeb11e3b4a6e0db5512b209.jpg	/recipe/1013340/	胡萝卜、土豆、洋葱、鸡肉、咖喱
超下饭的新疆大盘鸡	http://i2.xiachufang.com/image/140/77bd9a089f4411e38844b8ca3aeed2d7.jpg	/recipe/100038875/	鸡腿、土豆、青椒、洋葱、生抽、老抽、糖、豆瓣酱、啤酒、盐、干辣椒、花椒、草果、葱、姜、桂皮、番茄酱
蒜香西兰花炒脆皮肠	http://i4.xiachufang.com/image/140/a79063fe9ee111e38844b8ca3aeed2d7.jpg	/recipe/267191/	西兰花、脆皮肠、色拉油、盐、美味鲜酱油、蒜
汁浇西兰花	http://i3.xiachufang.com/image/140/010dfe649f3211e38844b8ca3aeed2d7.jpg	/recipe/100019256/	西兰花、鸡蛋、大蒜、香葱、核桃油、盐、鸡精、大豆油
油焖大虾	http://i2.xiachufang.com/image/140/156d81029ecb11e3b4a6e0db5512b209.jpg	/recipe/90981/	大虾、葱、生姜、植物油、料酒、盐、海鲜酱油、香醋、糖、清水、淀粉
油焖虾	http://i2.xiachufang.com/image/140/2640b4109edd11e38844b8ca3aeed2d7.jpg	/recipe/256188/	虾、生抽、料酒、糖、番茄酱、清水、姜、葱
红烧带鱼	http://i1.xiachufang.com/image/140/aa8b666a9ede11e38844b8ca3aeed2d7.jpg	/recipe/259240/	带鱼、香葱、姜、小红辣椒、高度白酒、盐、生抽、老抽、香醋、白糖
杏鲍菇扣西兰花	http://i4.xiachufang.com/image/140/518c2c2c9ed211e38844b8ca3aeed2d7.jpg	/recipe/166062/	杏鲍菇、西兰花、葱、姜、蒜、蚝油、老抽、白糖、盐
西兰花炒虾仁	http://i3.xiachufang.com/image/140/6ea2da049edc11e38844b8ca3aeed2d7.jpg	/recipe/254483/	西兰花、虾仁、大蒜、生抽、淀粉、盐
酸辣土豆丝	http://i3.xiachufang.com/image/140/44dce5d49ec811e38844b8ca3aeed2d7.jpg	/recipe/26701/	土豆、干辣椒、花椒、水、油、葱段、姜丝、精盐、味精、香油、白醋
清炒花蛤	http://i3.xiachufang.com/image/140/8b675bea9eca11e38844b8ca3aeed2d7.jpg	/recipe/86075/	花蛤、葱、姜、蒜、生抽
腐乳烧排骨	http://i3.xiachufang.com/image/140/e43993a29ee111e38844b8ca3aeed2d7.jpg	/recipe/267584/	排骨、腐乳汁、葱段、蒜、姜、料酒、生抽、冰糖
番茄菜花	http://i4.xiachufang.com/image/140/59b08f789ec911e38844b8ca3aeed2d7.jpg	/recipe/44795/	菜花、番茄、盐、糖、番茄酱
红烧鸡翅	http://i3.xiachufang.com/image/140/42be02dc9ec911e38844b8ca3aeed2d7.jpg	/recipe/44961/	鸡翅中、八角、生抽、老抽、细砂糖
干焙土豆丝	http://i3.xiachufang.com/image/140/95b1918a9ef011e38844b8ca3aeed2d7.jpg	/recipe/1041357/	土豆、盐、辣椒粉、花椒粉、孜然粉
宫保鸡丁	http://i1.xiachufang.com/image/140/dd14370a9edf11e38844b8ca3aeed2d7.jpg	/recipe/262149/	鸡脯肉、黄瓜、熟花生、葱、料酒、生抽、花椒、醋、糖、盐、水淀粉
红烩菜花	http://i4.xiachufang.com/image/140/c09194c4b0a011e3b4a6e0db5512b209.jpg	/recipe/1076865/	花菜、西红柿、葱姜、番茄酱、糖、盐、食用油
咖喱牛肉	http://i3.xiachufang.com/image/140/4027b5f49ec411e3b4a6e0db5512b209.jpg	/recipe/11889/	牛肉、土豆、胡萝卜、元葱、黄油、牛奶、咖喱膏、蒜、姜、盐、水
水煮肉片	http://i2.xiachufang.com/image/140/073302229ee111e38844b8ca3aeed2d7.jpg	/recipe/265633/	猪里脊肉、白菜、花椒面、辣椒面、豆瓣酱、酱油、胡椒粉、鸡蛋、水淀粉、生油、花椒、香葱、大蒜
鱼香茄子	http://i4.xiachufang.com/image/140/80f780669ee011e3b4a6e0db5512b209.jpg	/recipe/264046/	茄子、青椒、红椒、四川泡辣椒碎、葱、蒜、姜、黄酒、醋、生抽、糖、水淀粉
土豆烧牛肉	http://i3.xiachufang.com/image/140/6e18c3ee9eca11e38844b8ca3aeed2d7.jpg	/recipe/85300/	牛肉、土豆、胡萝卜、葱、姜、蒜、干辣椒、八角、花椒、盐、生抽、料酒、白糖、蚝油
青椒土豆丝	http://i1.xiachufang.com/image/140/3c4bb7529ec711e38844b8ca3aeed2d7.jpg	/recipe/18746/	土豆、红辣椒、青辣椒、涪陵榨菜丝、盐、味精
肉末番茄烧毛豆	http://i2.xiachufang.com/image/140/37fcd77a9f3611e3b4a6e0db5512b209.jpg	/recipe/100023491/	新鲜毛豆、大个成熟番茄、半肥瘦猪肉末、姜末、盐、料酒、生抽
可乐鸡翅	http://i1.xiachufang.com/image/140/2d41986a9ec411e38844b8ca3aeed2d7.jpg	/recipe/12062/	鸡中翅、可乐、八角、黄酒、生抽
蚝油焖冬瓜	http://i3.xiachufang.com/image/140/c1380c9e9f1d11e38844b8ca3aeed2d7.jpg	/recipe/1090253/	蒜头、蚝油、冬瓜、淀粉、盐、水、葱
青椒肉丝	http://i3.xiachufang.com/image/140/9177f0b49eff11e38844b8ca3aeed2d7.jpg	/recipe/1060023/	大青椒、猪里脊肉、姜、蒜、料酒、生抽、老抽、干淀粉、清水、麻油、盐、糖、水淀粉
豉椒蒸土豆排骨	http://i2.xiachufang.com/image/140/056f21da9f0111e38844b8ca3aeed2d7.jpg	/recipe/1060968/	猪小排、土豆、豆豉、小红尖椒、香葱、姜、蒜头、料酒、淡色鲜酱油、蚝油、盐、糖、胡椒粉、淀粉
菠萝古老肉	http://i3.xiachufang.com/image/140/f3ab63929ec811e3b4a6e0db5512b209.jpg	/recipe/37757/	猪里脊、菠萝、青椒、红椒、食用油、生抽、黑胡椒粉、盐、淀粉、鸡蛋、面粉、番茄酱、米醋、糖、清水、水淀粉
丝瓜炒蛋	http://i1.xiachufang.com/image/140/5424e9889ec811e38844b8ca3aeed2d7.jpg	/recipe/26628/	丝瓜、鸡蛋、盐、油、姜末
锅包肉	http://i3.xiachufang.com/image/140/bfcd2f589edf11e38844b8ca3aeed2d7.jpg	/recipe/262059/	猪里脊肉、大葱、胡萝卜、香菜、盐、料酒、胡椒粉、淀粉、白糖、生抽、醋、鸡精、姜
清炒莴笋丝	http://i1.xiachufang.com/image/140/c71b31829ee011e38844b8ca3aeed2d7.jpg	/recipe/265058/	莴笋、新鲜红椒、盐、鸡精
香辣小龙虾	http://i3.xiachufang.com/image/140/718cc8349ee511e3b4a6e0db5512b209.jpg	/recipe/1004336/	小龙虾、葱段、姜片、蒜瓣、花椒、干辣椒、蒸鱼豉汁、生抽、醋、白糖、盐
辣炒花蛤	http://i3.xiachufang.com/image/140/b4ea5cec9ede11e3b4a6e0db5512b209.jpg	/recipe/259357/	新鲜花蛤、李锦记麻辣酱、红尖椒、姜、蒜、香葱末
罗宋汤	http://i1.xiachufang.com/image/140/b510f21a6df311e380a4e0db5512b209.jpg	/recipe/1071010/	牛腩、土豆、胡萝卜、卷心菜、番茄、洋葱、蒜末、番茄酱、盐、食用油
炒茄子	http://i3.xiachufang.com/image/140/83f6f11a9ee111e38844b8ca3aeed2d7.jpg	/recipe/266736/	茄子 | 葱末、姜末、蒜末、泡辣椒、郫县豆瓣、盐、花椒粒、生姜丝、料酒、生抽、老抽、香醋、白糖、干淀粉、香醋、生抽、料酒、盐、白糖、味精
蒜香鸡翅	http://i3.xiachufang.com/image/140/d43e0a669eda11e38844b8ca3aeed2d7.jpg	/recipe/247115/	鸡翅、蒜、姜片、料酒、生抽、老抽、盐、黑胡椒、蜂蜜、香叶碎
蒜蓉蒸金针菇	http://i3.xiachufang.com/image/140/134c03e49edf11e3b4a6e0db5512b209.jpg	/recipe/260237/	金针菇、蒜、香葱、海天海鲜酱油、海天蚝油、色拉油、盐、糖
番茄土豆片	http://i1.xiachufang.com/image/140/35435c5e9edf11e3b4a6e0db5512b209.jpg	/recipe/260337/	土豆、番茄、姜丝、盐、植物油
上汤娃娃菜	http://i2.xiachufang.com/image/140/597d04b69ee511e38844b8ca3aeed2d7.jpg	/recipe/1004013/	娃娃菜、皮蛋、红彩椒、盐、蒜子、香葱末、浓汤煲鸡汤沏开、水淀粉
夏日煎茄饼	http://i2.xiachufang.com/image/140/8c5a45129ee311e38844b8ca3aeed2d7.jpg	/recipe/1001349/	茄子、面粉、鸡蛋、水、盐、五香粉
韭菜炒鸡蛋	http://i1.xiachufang.com/image/140/42451fbe9ecb11e38844b8ca3aeed2d7.jpg	/recipe/92086/	韭菜、鸡蛋、盐、料酒、生抽、糖
酱汁杏鲍菇	http://i2.xiachufang.com/image/140/b0b97a949edf11e3b4a6e0db5512b209.jpg	/recipe/262120/	杏鲍菇、盐、糖、老抽、生抽、蚝油、食用油、白芝麻、香葱
蒜味烤茄	http://i4.xiachufang.com/image/140/12b625ce9f1411e3b4a6e0db5512b209.jpg	/recipe/1079415/	茄子、孜然粉、辣椒粉、蒜蓉、白胡椒粉、黑胡椒粉、生抽、蚝油、鸡精、葱油
酸辣藕丁	http://i1.xiachufang.com/image/140/c438c1da9ed311e38844b8ca3aeed2d7.jpg	/recipe/175025/	鲜藕、青椒、干红辣椒、生姜、小葱
麻婆豆腐	http://i1.xiachufang.com/image/140/20d4d6ea9ee311e38844b8ca3aeed2d7.jpg	/recipe/1000421/	豆腐、肉馅、郫县豆瓣酱、花椒、辣椒、豆豉、青蒜、葱末、姜末、高汤、酱油、糖、胡椒粉
桂花糯米藕	http://i2.xiachufang.com/image/140/09f930049ecc11e38844b8ca3aeed2d7.jpg	/recipe/99664/	藕、糯米、干桂花、冰糖
虾仁豆腐羹	http://i3.xiachufang.com/image/140/1bb6a48c9ec911e3b4a6e0db5512b209.jpg	/recipe/39282/	嫩豆腐、鲜虾仁、香菇、鸡蛋、香葱、盐、料酒、香油
红烧狮子头	http://i3.xiachufang.com/image/140/4661732e9ece11e38844b8ca3aeed2d7.jpg	/recipe/113188/	猪肉馅、鸡蛋、淀粉、葱姜、李锦记秘制红烧汁、胡椒粉、盐、糖、料酒
皮蛋豆腐	http://i3.xiachufang.com/image/140/d5afb0e09ec911e3b4a6e0db5512b209.jpg	/recipe/76158/	皮蛋、豆腐、香葱、盐、麻油
黑椒牛柳	http://i2.xiachufang.com/image/140/c4d609349eee11e38844b8ca3aeed2d7.jpg	/recipe/1023757/	牛肉、青甜椒、黑椒酱、红甜椒、洋葱、黑胡椒碎、黑胡椒粉、生抽、料酒、淀粉
红烧带鱼	http://i2.xiachufang.com/image/140/bfabc7969edf11e3b4a6e0db5512b209.jpg	/recipe/262441/	带鱼、葱、姜、蒜、生抽、料酒、香醋、白糖、胡椒粉、辣椒
酸辣娃娃菜	http://i3.xiachufang.com/image/140/89698e0eb25b11e3b4a6e0db5512b209.jpg	/recipe/100025897/	娃娃菜、番茄、火腿、小米椒、大蒜、盐
椒盐大虾	http://i2.xiachufang.com/image/140/8c4ec07e9edf11e38844b8ca3aeed2d7.jpg	/recipe/261765/	大虾、料酒、蒜头、葱、青红小辣椒、淀粉、黑胡椒、白胡椒、花椒面、盐、做法：
家常豆腐	http://i1.xiachufang.com/image/140/f13f692e9ee511e38844b8ca3aeed2d7.jpg	/recipe/1004944/	豆腐、肉、木耳、青椒、胡椒粉、酱油、生抽、姜丝、蒜、豆瓣酱
香辣藕丁	http://i4.xiachufang.com/image/140/315fb1369edb11e38844b8ca3aeed2d7.jpg	/recipe/247845/	莲藕、葱花、郫县豆瓣酱、生抽、老抽、盐
葱爆羊肉	http://i2.xiachufang.com/image/140/dbbf0b369ee511e38844b8ca3aeed2d7.jpg	/recipe/1004823/	羊肉片、大葱、白糖、生抽（加加味极鲜）、蚝油、白酒、醋、盐
菊花茄子	http://i1.xiachufang.com/image/140/75c523549ee211e3b4a6e0db5512b209.jpg	/recipe/268607/	长茄子、大蒜、小葱、剁椒酱、香醋、热油
青椒炒猪肝	http://i1.xiachufang.com/image/140/e8e0b5769ee011e3b4a6e0db5512b209.jpg	/recipe/264890/	猪肝、青辣椒、蒜苗、大葱、生姜、花椒、盐、干淀粉、生抽、醋、料酒、白胡椒粉、白糖、味精
豉椒鸡丁	http://i3.xiachufang.com/image/140/3d95f7309f2b11e38844b8ca3aeed2d7.jpg	/recipe/100001517/	食材：、鸡胸肉、青椒、生姜、大蒜、洋葱、干辣椒、腌肉料：、料酒、生抽、胡椒粉、淀粉、香油、调味料：、豆豉酱、蚝油、料酒、糖
拔丝红薯	http://i4.xiachufang.com/image/140/bf9898929edf11e38844b8ca3aeed2d7.jpg	/recipe/262202/	红薯、白糖、色拉油
青椒炒肉丝	http://i1.xiachufang.com/image/140/97a30ce29eca11e38844b8ca3aeed2d7.jpg	/recipe/86282/	青椒、肉丝、葱、姜、蒜、盐、酱油、料酒、淀粉
金钱蛋	http://i3.xiachufang.com/image/140/741fdd549ee811e38844b8ca3aeed2d7.jpg	/recipe/1009075/	鸡蛋、蒜、青椒、红椒、老干妈、生抽
滑蛋虾仁	http://i2.xiachufang.com/image/140/709ecfb69ec811e38844b8ca3aeed2d7.jpg	/recipe/33838/	虾仁、鸡蛋、香葱、水淀粉、盐、料酒、蛋清、玉米淀粉、白胡椒粉
腐乳土豆	http://i4.xiachufang.com/image/140/4edec1269ecb11e38844b8ca3aeed2d7.jpg	/recipe/91891/	小土豆、红腐乳、老抽、盐、葱花
不用一滴酱油的糖醋排骨	http://i2.xiachufang.com/image/140/29f781a09f0b11e38844b8ca3aeed2d7.jpg	/recipe/1072590/	肋排、冰糖、白砂糖、陈醋、生姜、白芝麻
清炒小白菜	http://i3.xiachufang.com/image/140/b3097fe89ee311e38844b8ca3aeed2d7.jpg	/recipe/1001540/	小白菜、蒜、盐、味精
红烧豆腐	http://i3.xiachufang.com/image/140/a60a2c029ecf11e38844b8ca3aeed2d7.jpg	/recipe/126664/	豆腐、香葱、姜、干辣椒、生抽、老抽、白砂糖、盐
芹菜炒香干	http://i4.xiachufang.com/image/140/636fb7369eca11e38844b8ca3aeed2d7.jpg	/recipe/84026/	芹菜、香干、姜末、蒜末、葱花、花生油、胡椒粉、酱油、盐、鸡精
南乳花生猪脚煲	http://i1.xiachufang.com/image/140/b5f1e9669f0611e3b4a6e0db5512b209.jpg	/recipe/1068532/	猪脚、花生米、八角、南乳、南乳汁、冰糖、酱油、老抽、姜片、蒜头、米酒、花生油
大根烧	http://i2.xiachufang.com/image/140/1efd88bc9f1a11e3b4a6e0db5512b209.jpg	/recipe/1087136/	白萝卜、蔬菜粉 ( 可用味噌，鸡粉或鸡汤代替 )、水、酱油
少油地三鲜	http://i3.xiachufang.com/image/140/4c73e64e9ee611e38844b8ca3aeed2d7.jpg	/recipe/1005435/	茄子、土豆、青椒、生抽、盐、糖
宫爆鸡丁	http://i4.xiachufang.com/image/140/5b84dfbc9ec811e38844b8ca3aeed2d7.jpg	/recipe/26695/	鸡丁、花生米、豆瓣酱、盐、湿淀粉、油、花椒、料酒、姜、蒜、白糖、醋、酱油、肉汤、葱花
苦瓜酿肉	http://i2.xiachufang.com/image/140/6b0471349f2511e38844b8ca3aeed2d7.jpg	/recipe/1101037/	苦瓜、干香菇、猪肉、生抽、淀粉、料酒、鹌鹑蛋
肉末金针菇	http://i3.xiachufang.com/image/140/fa484c967d6811e38b7ee0db5512b209.jpg	/recipe/100000410/	肉末、金针菇、姜、油、六月鲜特级酱油、盐
蒜泥手撕茄子	http://i4.xiachufang.com/image/140/f421d7389edd11e38844b8ca3aeed2d7.jpg	/recipe/257347/	茄子、大蒜、生抽、醋、盐、香油
辣子鸡	http://i4.xiachufang.com/image/140/d3ed0f769ee411e3b4a6e0db5512b209.jpg	/recipe/1003338/	鸡、干红辣椒、姜、蒜、白酒、酱油
黄豆炖猪蹄儿	http://i1.xiachufang.com/image/140/28cd17209ee511e3b4a6e0db5512b209.jpg	/recipe/1003719/	猪蹄、黄豆、老抽、陈皮、白酒、盐、冰糖、桂皮、八角
红烧肉	http://i4.xiachufang.com/image/140/7614084e9f2c11e38844b8ca3aeed2d7.jpg	/recipe/100003029/	五花肉、冰糖、生抽、醋、八角、桂皮、花椒、姜片、盐、植物油、水
蚝油蘑菇	http://i1.xiachufang.com/image/140/e1c044849ee311e3b4a6e0db5512b209.jpg	/recipe/1001936/	蘑菇、姜、蒜头、蚝油、青红椒、鸡精
贫民窟家传煎蛋	http://i2.xiachufang.com/image/140/c4183ee09f0711e38844b8ca3aeed2d7.jpg	/recipe/1069200/	茄子、鸡蛋、油、盐、鸡精（可不放）
省油版地三鲜	http://i1.xiachufang.com/image/140/974065f69f0b11e38844b8ca3aeed2d7.jpg	/recipe/1072894/	茄子、芝麻油、土豆、青椒、花椒、姜片、蒜、糖、生抽、盐、水淀粉
土豆炖翅根	http://i4.xiachufang.com/image/140/80001d349ec811e38844b8ca3aeed2d7.jpg	/recipe/33808/	土豆、翅根、葱、姜、料酒、白糖、蚝油、生抽、盐
酸辣白菜	http://i4.xiachufang.com/image/140/f92e754c9ee711e38844b8ca3aeed2d7.jpg	/recipe/1008178/	白菜、小红辣椒、干辣椒、葱、白醋、陈醋、盐、淀粉、凉开水、生抽、花椒粉、食用油
香煎藕饼	http://i4.xiachufang.com/image/140/31cd24469ee011e3b4a6e0db5512b209.jpg	/recipe/263065/	猪绞肉、莲藕、生姜、香葱、盐、生抽、老抽、黑胡椒粉、鸡蛋清、玉米淀粉
蒜泥白肉	http://i1.xiachufang.com/image/140/265fa99c9ed811e3b4a6e0db5512b209.jpg	/recipe/202502/	带皮五花肉 | 黄瓜、姜片、料酒、姜、蒜、葱、白芝麻、生抽、香醋、糖、花椒粉、油辣子辣椒、香油、鸡精
孜然牛肉粒	http://i1.xiachufang.com/image/140/36997a349ecb11e3b4a6e0db5512b209.jpg	/recipe/91841/	牛肉、青红椒、洋葱、生姜、料酒、盐、红烧酱油、孜然（粉末+颗粒）、水淀粉、蚝油、香油、辣椒粉、白芝麻
梅菜扣肉	http://i3.xiachufang.com/image/140/79f84f789ed811e3b4a6e0db5512b209.jpg	/recipe/210059/	五花肉、梅干菜、生抽、老抽、冰糖、八角、桂皮、葱姜、盐、油、白酒
白灼金针菇	http://i1.xiachufang.com/image/140/9b6bc65e9ee111e38844b8ca3aeed2d7.jpg	/recipe/266894/	金针菇、小干红椒段、香葱、生抽、白糖、盐
蒸出粒粒香滑鸡翅	http://i4.xiachufang.com/image/140/0aa823629eda11e3b4a6e0db5512b209.jpg	/recipe/242853/	鸡中翅、木耳、枸杞（装饰用）、姜、红薯淀粉、生抽、料酒、胡椒粉、花椒粉、白糖
咸蛋焗南瓜（全蛋版）	http://i3.xiachufang.com/image/140/aa1a83ea9f0211e38844b8ca3aeed2d7.jpg	/recipe/1065182/	老南瓜、咸蛋、葱花、油
洋葱炒牛肉	http://i3.xiachufang.com/image/140/bc68a8a09ec711e3b4a6e0db5512b209.jpg	/recipe/22266/	牛肉、洋葱、老姜、辣椒酱、老抽、料酒、芝麻油、淀粉（马铃薯）、白糖
麻酱金针肥牛	http://i3.xiachufang.com/image/140/2fdafcfe9ecb11e38844b8ca3aeed2d7.jpg	/recipe/91833/	肥牛片、金针菇、大蒜、香菜
五花肉爆炒杏鲍菇	http://i3.xiachufang.com/image/140/92c2f7f27f4711e3af24e0db5512b209.jpg	/recipe/100029502/	杏鲍菇、尖椒、五花肉、生姜、大蒜、生抽、盐、郫县红油豆瓣酱
新疆沙湾大盘鸡	http://i1.xiachufang.com/image/140/9fcb44d69ee111e38844b8ca3aeed2d7.jpg	/recipe/266505/	土鸡、土豆、洋葱、青辣椒、大葱、干辣椒、花椒粉、白胡椒粉、五香粉、白糖、味精、盐、生姜末汁、蒜末汁、生抽、老抽
松仁玉米	http://i1.xiachufang.com/image/140/847a5e7c9eed11e3b4a6e0db5512b209.jpg	/recipe/1016397/	速冻甜玉米粒、速冻青豆、胡萝卜、松仁、盐
红三剁	http://i2.xiachufang.com/image/140/a7235f789ef211e38844b8ca3aeed2d7.jpg	/recipe/1044075/	猪肉、西红柿、尖椒、生姜、大蒜
蚝油杏鲍菇	http://i4.xiachufang.com/image/140/347879e29ee111e38844b8ca3aeed2d7.jpg	/recipe/265967/	杏鲍菇、红椒、姜、葱、蚝油、酱油、盐、香油
红烧肉	http://i4.xiachufang.com/image/140/09a5d2f69edb11e38844b8ca3aeed2d7.jpg	/recipe/246834/	五花肉、鸡蛋、冰糖、酱油（生抽和老抽）、料酒
三杯杏鲍菇	http://i3.xiachufang.com/image/140/223137c29ed911e38844b8ca3aeed2d7.jpg	/recipe/224430/	杏鲍菇、青椒、洋葱、糖、酒、酱油、油
红烧牛腩	http://i1.xiachufang.com/image/140/0d1d83f49f0611e3b4a6e0db5512b209.jpg	/recipe/1068028/	牛腩、土豆、姜片、八角、香叶、花椒、干辣椒、老抽、料酒、盐、糖
干锅花菜	http://i3.xiachufang.com/image/140/9f99f4349ed811e38844b8ca3aeed2d7.jpg	/recipe/209224/	有机花菜、五花肉、老干妈牛肉豆豉酱、生抽、白糖、大蒜叶、小红辣椒
三杯鸡	http://i2.xiachufang.com/image/140/6f81e97a9ee511e38844b8ca3aeed2d7.jpg	/recipe/1004545/	鸡腿、酱油、米酒、乌麻油、白砂糖、姜、蒜、白胡椒
红烧鱼块	http://i4.xiachufang.com/image/140/e9eaa2f49ed811e38844b8ca3aeed2d7.jpg	/recipe/219370/	鱼、葱、姜、蒜、酱油、蚝油、糖、醋、盐、料酒、蒜苗、味精
孜然香辣土豆泥	http://i4.xiachufang.com/image/140/2ea7fc3e9eca11e3b4a6e0db5512b209.jpg	/recipe/79843/	土豆、葱、孜然粉、辣椒粉、油、盐、生抽、鸡精
干锅杏鲍菇	http://i4.xiachufang.com/image/140/06eed4c49f3811e38844b8ca3aeed2d7.jpg	/recipe/100025167/	杏鲍菇、五花肉、芹菜、生姜、大蒜、小米椒、郫县豆瓣酱、生抽、糖
樱桃肉	http://i4.xiachufang.com/image/140/834548489ecd11e38844b8ca3aeed2d7.jpg	/recipe/109618/	猪里脊肉 | 料酒、盐、干淀粉、水、番茄酱、油、白糖、白醋、盐、水淀粉、水
炸洋葱圈	http://i3.xiachufang.com/image/140/28d966569ec711e38844b8ca3aeed2d7.jpg	/recipe/17985/	洋葱、鸡蛋、淀粉、面包糠、盐、胡椒粉、番茄酱
蚂蚁上树（又叫烂肉粉条）	http://i3.xiachufang.com/image/140/0d22e5d29ef311e3b4a6e0db5512b209.jpg	/recipe/1044912/	红薯粉、肉、姜、蒜、花椒、葱、红油豆瓣、盐、生抽和老抽、干香菇
鲜味油淋芦笋	http://i4.xiachufang.com/image/140/8f059f409f2011e38844b8ca3aeed2d7.jpg	/recipe/1094088/	芦笋、姜末、蒜末、红椒丝、生抽、芝麻油、白糖、油、盐
莲藕排骨汤	http://i2.xiachufang.com/image/140/1505bc569ec711e38844b8ca3aeed2d7.jpg	/recipe/17955/	排骨、藕、盐
肉片山药炒木耳	http://i4.xiachufang.com/image/140/ff1818309edf11e38844b8ca3aeed2d7.jpg	/recipe/262890/	山药、水发木耳、猪肉、胡萝卜、姜、蒜、葱、胡椒粉、白糖、生抽、盐
糖醋带鱼	http://i3.xiachufang.com/image/140/c8d5d01a9f1f11e38844b8ca3aeed2d7.jpg	/recipe/1093569/	带鱼、香葱、生姜、八角、料酒、酱油、香醋、白糖、盐、胡椒粉
剁椒鸡翅	http://i3.xiachufang.com/image/140/d657bb569edc11e38844b8ca3aeed2d7.jpg	/recipe/255693/	鸡翅中8个大约、剁椒、大蒜、小葱（如果是大葱用一段）、生姜、食用油、豉油鸡汁
辣子鸡	http://i2.xiachufang.com/image/140/36a53aa69ee211e38844b8ca3aeed2d7.jpg	/recipe/268228/	鸡肉、干辣椒、花椒、葱、姜、蒜、八角、香叶、芹菜、料酒、糖、盐、五香粉、酱油、蔬菜水、白芝麻
红烧豆腐	http://i2.xiachufang.com/image/140/d297ad5a9ed711e3b4a6e0db5512b209.jpg	/recipe/197721/	豆腐、葱、老抽、盐、白糖、生粉水
西红柿牛腩土豆	http://i3.xiachufang.com/image/140/5eca775c9eca11e38844b8ca3aeed2d7.jpg	/recipe/83912/	牛腩、西红柿、土豆、料酒、葱段、姜片、花椒粉、盐
蚝油杏鲍菇	http://i1.xiachufang.com/image/140/2df371ca9ec411e38844b8ca3aeed2d7.jpg	/recipe/11567/	杏鲍菇、蚝油、料酒、生抽、白糖、鸡精、蒜末
香煎土豆泥茄盒	http://i3.xiachufang.com/image/140/8daa2c849eed11e38844b8ca3aeed2d7.jpg	/recipe/1016318/	长茄子、土豆、盐、黑胡椒粉、面粉、水、椒盐
红烧茄子	http://i1.xiachufang.com/image/140/f69def929ee211e38844b8ca3aeed2d7.jpg	/recipe/1000018/	茄子、肉末、豆瓣酱、生抽、盐、味精、鸡精、白糖、花椒粉
青椒炒蛋	http://i4.xiachufang.com/image/140/e3482ea09ec711e3b4a6e0db5512b209.jpg	/recipe/23381/	青椒、鸡蛋、熟芝麻、盐、胡椒粉
酥炸茄盒	http://i4.xiachufang.com/image/140/aa4c93dc9ee211e38844b8ca3aeed2d7.jpg	/recipe/269420/	茄子、肉末、生粉、面粉、鸡蛋、五香粉、水、盐、生抽、料酒、姜末、葱末
蜜汁叉烧	http://i1.xiachufang.com/image/140/5da586389ec911e38844b8ca3aeed2d7.jpg	/recipe/46455/	猪里脊肉、南乳、料酒、生抽、老抽、耗油、蜂蜜、糖
板栗烧鸡	http://i2.xiachufang.com/image/140/173494a29ecc11e38844b8ca3aeed2d7.jpg	/recipe/99409/	鸡全腿、板栗、葱、姜、料酒、酱油、盐、白糖
西红柿炒蛋	http://i1.xiachufang.com/image/140/e7b0ad949ee711e38844b8ca3aeed2d7.jpg	/recipe/1007770/	西红柿、鸡蛋、葱、清水、盐
猪肉白菜炖粉条	http://i1.xiachufang.com/image/140/1306598c9ec811e38844b8ca3aeed2d7.jpg	/recipe/25302/	猪肉、粉条、白菜、淀粉、生抽、盐、五香粉、葱、老抽
豆豉蒸排骨	http://i3.xiachufang.com/image/140/35c0fd8e9edb11e38844b8ca3aeed2d7.jpg	/recipe/247673/	排骨、豆豉、蒜蓉、姜、白糖、花生油、红薯淀粉、枸杞、盐、胡椒粉、米酒
香辣肉末蒸豆腐	http://i1.xiachufang.com/image/140/fb12fe609ee111e38844b8ca3aeed2d7.jpg	/recipe/267604/	内酯豆腐、肉末、四川豆瓣酱、味极鲜酱油、葱、姜、淀粉、料酒
茄汁豆腐	http://i1.xiachufang.com/image/140/03bb7b089edf11e38844b8ca3aeed2d7.jpg	/recipe/259948/	嫩豆腐、西红柿、香葱
上汤丝瓜	http://i2.xiachufang.com/image/140/c3191af2b25b11e3841cb8ca3aeed2d7.jpg	/recipe/100020443/	丝瓜、咸蛋、皮蛋、大蒜、火腿
肉沫豆腐蛋羹	http://i2.xiachufang.com/image/140/350d6a429ee211e3b4a6e0db5512b209.jpg	/recipe/267946/	鸡蛋、嫩豆腐、肉沫、生姜、小葱、盐、酱油、料酒、白胡椒粉、蒸鱼豉油
苍蝇头	http://i2.xiachufang.com/image/140/60206b429ecb11e38844b8ca3aeed2d7.jpg	/recipe/93442/	韭菜苔、猪绞肉、朝天椒、姜、蒜、豆豉
辣子鸡丁	http://i2.xiachufang.com/image/140/d6bae0e29ec711e38844b8ca3aeed2d7.jpg	/recipe/23415/	鸡腿、干红辣椒、花椒、姜、蒜、盐、料酒、酱油、白糖、葱、鸡粉、白芝麻
糖醋排骨	http://i2.xiachufang.com/image/140/0979354a9ee311e3b4a6e0db5512b209.jpg	/recipe/1000131/	排骨、淀粉、冰糖、醋、盐、老抽
肉沫茄子	http://i1.xiachufang.com/image/140/e74dddec9ec711e38844b8ca3aeed2d7.jpg	/recipe/23389/	茄子、红椒、姜、蒜、肉末、酱油、料酒、生粉、盐、白糖、鸡精
香辣土豆烧鸡块	http://i3.xiachufang.com/image/140/676694649ec911e38844b8ca3aeed2d7.jpg	/recipe/46945/	鸡腿、土豆、葱、姜、红油豆瓣酱、生抽、黄酒、白糖、盐
家常豆腐	http://i1.xiachufang.com/image/140/d5744a3a9edf11e3b4a6e0db5512b209.jpg	/recipe/262222/	老豆腐、胡萝卜、木耳、青辣椒、红辣椒、姜、豆瓣酱、盐、白糖、鸡精、水淀粉
菠萝咕噜肉	http://i1.xiachufang.com/image/140/efa5deec9ef211e38844b8ca3aeed2d7.jpg	/recipe/1044452/	猪里脊、菠萝、大青椒、红甜椒、番茄、食用油、鸡蛋、清水、醋、生抽、淀粉、盐、冰糖
家常煎豆腐	http://i2.xiachufang.com/image/140/69384e329ec811e38844b8ca3aeed2d7.jpg	/recipe/30905/	豆腐、新鲜红椒、青椒、葱花、油、盐、酱油、蚝油、鸡精
土豆烧肉	http://i2.xiachufang.com/image/140/37bedb949ee311e3b4a6e0db5512b209.jpg	/recipe/1000399/	五花猪肉、土豆、生抽、老抽、糖
荷塘小炒	http://i1.xiachufang.com/image/140/64f889cc9ec811e38844b8ca3aeed2d7.jpg	/recipe/28643/	荷兰豆、黑木耳、胡萝卜、莲藕、山药、鲜马蹄、盐、鸡粉、水淀粉、大蒜
洋葱炒蛋	http://i2.xiachufang.com/image/140/5f624b469ec911e38844b8ca3aeed2d7.jpg	/recipe/46159/	鸡蛋、紫洋葱、生粉、色拉油、水、盐
台式三杯鸡	http://i2.xiachufang.com/image/140/bbcbca449ec711e38844b8ca3aeed2d7.jpg	/recipe/22265/	带皮鸡腿肉、葱、姜、干辣椒、大蒜头。、老抽、麻油、冰糖、料酒、罗勒
人人都能做好的糖醋排骨	http://i3.xiachufang.com/image/140/d9fc5e2e9ee611e38844b8ca3aeed2d7.jpg	/recipe/1006761/	肋排、料酒、醋、冰糖、砂糖、酱油、干辣椒
汁烧酿茄子	http://i1.xiachufang.com/image/140/c18ea75c9ef511e38844b8ca3aeed2d7.jpg	/recipe/1046930/	茄子、肉沫、青椒、红椒、葱头、盐、生粉、白胡椒粉、酱油、水
香辣蟹	http://i1.xiachufang.com/image/140/bb95f0749ecf11e38844b8ca3aeed2d7.jpg	/recipe/127120/	梭子蟹、干辣椒、花椒、蒜瓣、老姜、葱、现买的火锅（麻辣烫）底料、酱油、白糖、盐、料酒、海鲜酱
蚝油生菜	http://i4.xiachufang.com/image/140/3885442c9ecb11e3b4a6e0db5512b209.jpg	/recipe/92470/	生菜、蚝油、盐、蒜瓣、糖
照烧杏鲍菇	http://i1.xiachufang.com/image/140/65142f489eea11e38844b8ca3aeed2d7.jpg	/recipe/1011638/	杏鲍菇、青椒、生抽、糖、姜末、海苔碎
清炒金针菇	http://i4.xiachufang.com/image/140/46cfba0c9ee011e3b4a6e0db5512b209.jpg	/recipe/263592/	金针菇、红椒、小芹菜、盐、蒜、姜
家常红烧鱼	http://i1.xiachufang.com/image/140/d1dc03709f2c11e38844b8ca3aeed2d7.jpg	/recipe/100002700/	鲜鱼、姜、葱、蒜、花椒、糖、醋、盐、料酒、酱油、辣椒
娃娃菜炒香菇	http://i2.xiachufang.com/image/140/1fb357f89f3511e38844b8ca3aeed2d7.jpg	/recipe/100022680/	娃娃菜、香菇、盐、油
蒜香肉末烧豆腐	http://i3.xiachufang.com/image/140/55c9f1f69ee211e38844b8ca3aeed2d7.jpg	/recipe/268178/	豆腐、肉末、蒜苗、大蒜、生姜、葱、盐、糖、生抽、老抽、料酒、胡椒粉、花椒粉
水煮酸菜鱼	http://i4.xiachufang.com/image/140/a8e407769edf11e3b4a6e0db5512b209.jpg	/recipe/262036/	草鱼、酸菜、生姜、蒜瓣、大葱、香葱、香菜、花椒粒、干红椒段、鸡蛋、醪糟汁、料酒、胡椒粉、糖、盐
干煸四季豆	http://i2.xiachufang.com/image/140/52dd83aa9ec811e38844b8ca3aeed2d7.jpg	/recipe/26675/	四季豆、干辣椒、蒜头、酱油、糖、盐、鸡精
青椒牛柳	http://i4.xiachufang.com/image/140/7043c9069ee411e38844b8ca3aeed2d7.jpg	/recipe/1002663/	牛肉、青椒、葱、蒜瓣、老姜、生抽、生粉、料酒、盐、风味豆豉酱（老干妈也可）
宫保鸡丁（懒人版）	http://i4.xiachufang.com/image/140/a673a5e49ee611e38844b8ca3aeed2d7.jpg	/recipe/1006037/	鸡胸肉、黄飞红麻辣花生（连同里面的辣椒和花椒一起）、干辣椒、花椒、生抽、醋、白糖、料酒、淀粉、盐、葱、食用油、辣椒粉、蒜末
酱爆鲜鱿	http://i2.xiachufang.com/image/140/7cf8d3a09ee211e38844b8ca3aeed2d7.jpg	/recipe/269100/	鲜鱿、青红椒、生姜、豆瓣酱、米酒
不焯水不放油的家常红烧肉	http://i1.xiachufang.com/image/140/6496380ab36111e3b4a6e0db5512b209.jpg	/recipe/100124682/	带皮五花肉、冰糖、姜片、八角、香叶、干辣椒、黄酒、老抽、生抽、开水
辣椒炒肉	http://i1.xiachufang.com/image/140/4e5a3c169ee511e38844b8ca3aeed2d7.jpg	/recipe/1004091/	五花肉、青椒、蒜、生抽
地三鲜	http://i1.xiachufang.com/image/140/5bb693989eca11e38844b8ca3aeed2d7.jpg	/recipe/84068/	茄子、青椒、土豆、蚝油、老抽、料酒、鸡精、醋、糖、淀粉、油
金针菇炒肉丝	http://i2.xiachufang.com/image/140/e4d28eaa9ec711e3b4a6e0db5512b209.jpg	/recipe/23443/	猪瘦肉、金针菇、红椒、酱油、盐、淀粉、姜末、生抽、辣椒油、葱花
韭黄炒蛋	http://i3.xiachufang.com/image/140/2d9640309ee811e3b4a6e0db5512b209.jpg	/recipe/1008253/	韭黄、鸡蛋、盐、鸡精
酱爆鸡丁	http://i3.xiachufang.com/image/140/020e29709ec811e38844b8ca3aeed2d7.jpg	/recipe/25270/	鸡胸脯肉、黄瓜、料酒、大酱、甜面酱、砂糖、盐、香油
香菇油菜	http://i2.xiachufang.com/image/140/bd628bf09ee911e3b4a6e0db5512b209.jpg	/recipe/1011098/	油菜、香菇、葱花、姜片、生抽、蚝油、盐、油
回锅肉	http://i1.xiachufang.com/image/140/a3d3d7b89ed811e38844b8ca3aeed2d7.jpg	/recipe/210604/	五花肉 | 大蒜、青椒、花椒、料酒、姜片、葱段、姜、蒜瓣、花椒、甜面酱、郫县红油豆瓣酱、老抽、白糖
火爆肥肠	http://i4.xiachufang.com/image/140/fa3e8a6c9ee211e3b4a6e0db5512b209.jpg	/recipe/1000025/	肥肠、青椒、干辣椒、彩椒、洋葱、姜、蒜、花椒、料酒、盐、糖
青椒酿肉	http://i2.xiachufang.com/image/140/cf6cd80e9ec711e38844b8ca3aeed2d7.jpg	/recipe/23185/	青椒、猪肉碎、马蹄、葱姜蒜、鸡蛋、淀粉、料酒、蚝油、生抽、老抽、糖、香醋
红烧狮子头	http://i1.xiachufang.com/image/140/a1a14da66df311e3b42bb8ca3aeed2d7.jpg	/recipe/1070903/	猪肉、胡萝卜、油菜、香葱、香菜、姜末、胡椒粉、淀粉、料酒、酱油、食用油
鱼香茄子	http://i4.xiachufang.com/image/140/babc5aae9ed811e3b4a6e0db5512b209.jpg	/recipe/211936/	茄子、蒜瓣、老姜、葱、盐、白糖、老干妈、生抽、老抽、醋、生粉
啤酒鸭	http://i1.xiachufang.com/image/140/576ff8c09ece11e3b4a6e0db5512b209.jpg	/recipe/113593/	鸭肉、啤酒、姜蒜、花椒、干红辣椒、八角、桂皮、生抽、老抽、白糖、盐、胡椒粉
黄瓜炒蛋	http://i2.xiachufang.com/image/140/8bbbc7bc9ec911e38844b8ca3aeed2d7.jpg	/recipe/49171/	黄瓜、鸡蛋、葱花、盐
香菇鸡块	http://i3.xiachufang.com/image/140/12fa5ce69ee011e38844b8ca3aeed2d7.jpg	/recipe/263283/	鸡腿、香菇、料酒、胡椒粉、姜、葱、盐、花椒、八角
木须肉	http://i4.xiachufang.com/image/140/3944f80a9ec911e38844b8ca3aeed2d7.jpg	/recipe/43522/	泡好的木耳、肉片、黄瓜、鸡蛋、酱油、盐、糖小、料酒、葱姜片
糖醋白菜	http://i2.xiachufang.com/image/140/8d652c0e9ee011e3b4a6e0db5512b209.jpg	/recipe/264262/	白菜、生抽、白糖、醋、辣椒、葱、蒜
简版番茄鱼	http://i2.xiachufang.com/image/140/e2a1e95c9eca11e38844b8ca3aeed2d7.jpg	/recipe/89143/	番茄、鱼片、葱、姜、蒜、料酒、干淀粉、盐
芹菜木耳炒肉丝	http://i3.xiachufang.com/image/140/cc012eea9ec711e38844b8ca3aeed2d7.jpg	/recipe/22860/	香芹、木耳、猪里脊、胡萝卜、盐、鸡精、料酒、糖、酱油、生粉
蟹黄豆腐	http://i3.xiachufang.com/image/140/ca3de5529ee111e38844b8ca3aeed2d7.jpg	/recipe/266936/	净咸蛋黄、内酯豆腐、蟹肉棒、姜末、葱花、高汤、水淀粉、盐、油
莲藕玉米排骨汤	http://i1.xiachufang.com/image/140/ab7c400c9edf11e38844b8ca3aeed2d7.jpg	/recipe/262265/	莲藕、玉米、排骨、清水、盐
蒜香骨	http://i2.xiachufang.com/image/140/525beb5a9f4111e38844b8ca3aeed2d7.jpg	/recipe/100034591/	肋排、大蒜、大蒜粉、生抽、老抽、料酒、糖、油
香菇蒸虾盏	http://i3.xiachufang.com/image/140/f73ec1869edf11e3b4a6e0db5512b209.jpg	/recipe/263333/	鲜香菇、鲜虾、小香葱
大葱烧豆腐	http://i2.xiachufang.com/image/140/c27c517a9edf11e38844b8ca3aeed2d7.jpg	/recipe/262292/	豆腐、大葱、生抽、老抽、糖、香油、盐、水淀
糖醋小排	http://i3.xiachufang.com/image/140/189a51349edf11e38844b8ca3aeed2d7.jpg	/recipe/260622/	小肋排、八角、桂皮、花椒、姜、葱、盐、生抽、老抽、冰糖、料酒、香醋
干煸豆角	http://i1.xiachufang.com/image/140/38eb35de9ecb11e38844b8ca3aeed2d7.jpg	/recipe/91935/	豆角、花椒、麻椒、干辣椒段、蒜碎、姜碎、葱碎、肉馅、淀粉、料酒、生抽、老抽、糖、盐
萝卜丝鲫鱼汤	http://i1.xiachufang.com/image/140/7a3403d69edf11e38844b8ca3aeed2d7.jpg	/recipe/261481/	鲫鱼、白萝卜、淀粉、盐、糖
糖醋藕元	http://i1.xiachufang.com/image/140/eef6f0929ee511e3b4a6e0db5512b209.jpg	/recipe/1004900/	藕、香菇、面粉、盐、生抽、醋、糖
家常红烧鲳鱼	http://i2.xiachufang.com/image/140/0f56c6f29eda11e38844b8ca3aeed2d7.jpg	/recipe/242860/	鲳鱼、大蒜、姜、小葱、辣椒、生抽、老抽、料酒、淀粉、白糖
醋溜白菜	http://i3.xiachufang.com/image/140/c4ce30129f4611e38844b8ca3aeed2d7.jpg	/recipe/100041928/	白菜帮、干红辣椒、大葱、陈醋、生抽、白糖、盐、水淀粉、蒜瓣
炸蘑菇	http://i4.xiachufang.com/image/140/722ef0ac9ee311e3b4a6e0db5512b209.jpg	/recipe/1001239/	平菇、面粉、淀粉、泡打粉、盐、花椒粉
蚝油双菇西兰花	http://i1.xiachufang.com/image/140/016dc81e9ee011e3b4a6e0db5512b209.jpg	/recipe/262893/	鲜香菇、白蘑菇、西兰花、蒜头、蚝油、盐、植物油
榄菜肉末四季豆	http://i4.xiachufang.com/image/140/0f4598ac9ed311e38844b8ca3aeed2d7.jpg	/recipe/170353/	四季豆、猪肉、橄榄菜、蒜头、料酒、盐、酱油、糖
美味大盘鸡	http://i4.xiachufang.com/image/140/ad14a38a9ee111e38844b8ca3aeed2d7.jpg	/recipe/266783/	三黄鸡、花椒、冰糖、豆瓣酱、郫县豆瓣酱、美味鲜酱油、番茄酱、干辣椒、葱、姜片、八角、香叶、青椒：3-4个撕片儿，红尖椒（如果有）：2-3根切段儿、啤酒：1罐（易拉罐）
红烧豆腐	http://i3.xiachufang.com/image/140/3095155a83d011e3990be0db5512b209.jpg	/recipe/100042814/	豆腐、猪肉、葱、姜、蒜、豆瓣酱、生抽、老抽、糖、胡椒、鸡粉、生粉
糖醋排骨	http://i1.xiachufang.com/image/140/b12d96629ee511e38844b8ca3aeed2d7.jpg	/recipe/1004632/	小排骨、姜、红糖、冰糖、醋、白芝麻
蒜香煎蘑菇	http://i2.xiachufang.com/image/140/036dd90a9ee611e3b4a6e0db5512b209.jpg	/recipe/1005294/	口蘑、干辣椒、蒜瓣、橄榄油
鱼香鸡蛋	http://i1.xiachufang.com/image/140/7e2525789ec711e3b4a6e0db5512b209.jpg	/recipe/20624/	鸡蛋、木耳、青椒、红椒、葱、蒜、糖、醋、酱油、料酒、淀粉
蒜蓉空心菜	http://i1.xiachufang.com/image/140/be2bea609ec911e3b4a6e0db5512b209.jpg	/recipe/75728/	空心菜、蒜末、盐
青椒回锅肉	http://i3.xiachufang.com/image/140/c452dd309ee311e3b4a6e0db5512b209.jpg	/recipe/1001168/	猪肉、青椒、豆瓣酱、糖、姜
蒜茸粉丝扇贝	http://i1.xiachufang.com/image/140/39932c489ec711e3b4a6e0db5512b209.jpg	/recipe/18009/	扇贝、粉丝、蒜蓉、美极鲜、料酒、盐
酸酸甜甜【茄汁鸡肉丸】	http://i2.xiachufang.com/image/140/3ec3fb3c9f2d11e38844b8ca3aeed2d7.jpg	/recipe/100007159/	【主料】鸡脯肉、【配料】、葱末、姜末、蛋清一个、干淀粉、【调料】、盐、白胡椒粉、料酒、味精、番茄酱、白糖、
清炒空心菜	http://i2.xiachufang.com/image/140/e10122fa9ed111e38844b8ca3aeed2d7.jpg	/recipe/161519/	空心菜、油、盐、蒜末、葱段、鸡精
豆豉鲮鱼油麦菜	http://i1.xiachufang.com/image/140/e60c42289ec911e38844b8ca3aeed2d7.jpg	/recipe/76944/	油麦菜、豆豉鲮鱼罐头、大蒜、水淀粉
酱爆鱿鱼	http://i3.xiachufang.com/image/140/ab4789769ed911e3b4a6e0db5512b209.jpg	/recipe/236341/	鱿鱼、甜面酱、红葱头、姜、蒜、葱、指天椒、糖、香醋
鲜香白菜包(八宝财袋)	http://i3.xiachufang.com/image/140/88d4811a9ef111e38844b8ca3aeed2d7.jpg	/recipe/1042781/	大白菜、玉米粒、青豆、胡萝卜丁、虾、火腿、豆腐干、黑木耳、盐、鸡粉、水淀粉、芝麻香油
糖醋里脊	http://i4.xiachufang.com/image/140/15ae29909ec711e3b4a6e0db5512b209.jpg	/recipe/17773/	猪里脊、蛋清、淀粉、葱末、姜末、料酒、酱油、白糖、醋、油、味精、番茄酱
肉酱土豆	http://i2.xiachufang.com/image/140/a95e71f09f1611e3b4a6e0db5512b209.jpg	/recipe/1081856/	猪肉、土豆、野山椒、姜、蒜、油、生抽、盐、淀粉
芹菜牛肉末「下饭神器」	http://i4.xiachufang.com/image/140/2f67d53a9f4811e38844b8ca3aeed2d7.jpg	/recipe/100042423/	牛肉、芹菜、干辣椒、大蒜、小米椒、盐、味精、酱油
东坡茄子	http://i4.xiachufang.com/image/140/b35bbed69edc11e3b4a6e0db5512b209.jpg	/recipe/255126/	茄子、肉末、生姜、大蒜、小葱、酱油、食盐、白糖、自制辣椒油、生粉（干淀粉）、冷水、食用油
肉末蒸冬瓜	http://i1.xiachufang.com/image/140/e03b27f49eda11e38844b8ca3aeed2d7.jpg	/recipe/246956/	猪肉馅、冬瓜、大蒜、小葱、盐、香油
京酱肉丝	http://i2.xiachufang.com/image/140/797717349ee011e3b4a6e0db5512b209.jpg	/recipe/264035/	猪肉、大葱、豆腐皮、料酒、白糖、淀粉、面酱、生抽
蒜蓉辣酱烧排骨	http://i2.xiachufang.com/image/140/d745fa8e9eda11e38844b8ca3aeed2d7.jpg	/recipe/246655/	肋排、李锦记蒜蓉辣酱、生抽、老抽、白糖、姜、葱、料酒
清蒸多宝鱼	http://i1.xiachufang.com/image/140/d3738c1e9ec611e3b4a6e0db5512b209.jpg	/recipe/14812/	多宝鱼、红椒丝、葱、姜、料酒、盐、李锦记蒸鱼豉油
日本豆腐蒸虾仁	http://i3.xiachufang.com/image/140/a7b3a6dc9ecf11e38844b8ca3aeed2d7.jpg	/recipe/127230/	日本豆腐、鲜虾、黄瓜（或者青豆）、生抽、淀粉、水
最家常的普通汤面——西红柿鸡蛋龙须面	http://i3.xiachufang.com/image/140/32d0f9f29f3b11e38844b8ca3aeed2d7.jpg	/recipe/100028531/	龙须面，鸡蛋一个，西红柿一个，香菜一棵，盐，生抽，胡椒粉。
家常红烧牛肉	http://i4.xiachufang.com/image/140/46df45249ece11e38844b8ca3aeed2d7.jpg	/recipe/113300/	牛腩 | 料酒、黄豆酱、酱油、糖、盐、大蒜、葱、姜、八角、桂皮、干辣椒
油焖笋	http://i2.xiachufang.com/image/140/ee69d51c9eeb11e38844b8ca3aeed2d7.jpg	/recipe/1013737/	竹笋、葱、料酒、生抽、白糖、鸡精
香辣炸鸡翅	http://i4.xiachufang.com/image/140/ee7b3c5e9f3011e38844b8ca3aeed2d7.jpg	/recipe/100018160/	鸡翅根、干辣椒、干辣椒末、蒜、姜、香葱、老抽、生抽、黑胡椒粉、白砂糖
干锅香辣鸡翅	http://i3.xiachufang.com/image/140/a107d6349f2711e38844b8ca3aeed2d7.jpg	/recipe/1102685/	鸡翅中、土豆、干辣椒、姜蒜、青椒、培根、郫县豆瓣、盐
孜然椒盐小土豆	http://i2.xiachufang.com/image/140/1d456a149ee111e3b4a6e0db5512b209.jpg	/recipe/265791/	小土豆、孜然、蒜头、小米椒、青椒、辣椒面、味椒盐、油
豆腐鲫鱼汤	http://i3.xiachufang.com/image/140/d1cab8609f1111e38844b8ca3aeed2d7.jpg	/recipe/1077971/	鲫鱼、豆腐、生姜、葱、油、盐、料酒
炒土豆丝	http://i3.xiachufang.com/image/140/b24061849ec611e38844b8ca3aeed2d7.jpg	/recipe/13622/	土豆、干辣椒、葱丝、糖、生抽、米醋、鸡粉
香辣虾	http://i2.xiachufang.com/image/140/099d95de9ee311e38844b8ca3aeed2d7.jpg	/recipe/1000273/	虾、土豆、香芹、红椒、干辣椒、姜片、香葱、大蒜、熟芝麻、花椒、生抽、香油、料酒、糖、鸡精、盐、食用油、辣椒油
麻婆豆腐	http://i1.xiachufang.com/image/140/bb4dc0269edc11e38844b8ca3aeed2d7.jpg	/recipe/255289/	豆腐、肉末、生抽、白糖、芝麻油、湿淀粉
老干妈辣炒鱿鱼须	http://i3.xiachufang.com/image/140/f03cdbd69ed811e38844b8ca3aeed2d7.jpg	/recipe/222331/	老干妈、鱿鱼须、洋葱、香葱、葱、姜、盐、植物油、糖、鸡精、十三香、料酒、酱油
杏鲍菇炒肉丝	http://i1.xiachufang.com/image/140/037444ee9edb11e38844b8ca3aeed2d7.jpg	/recipe/247002/	杏鲍菇、瘦肉、青尖椒、郫县豆瓣、生抽、淀粉、白糖、鸡精、盐、大蒜、葱
口水鸡	http://i3.xiachufang.com/image/140/189575709ee311e38844b8ca3aeed2d7.jpg	/recipe/1000143/	鸡大腿、葱、蒜、姜、芝麻、花生、辣椒面、花椒面、老抽、生抽、白糖、醋、食用油
番茄炒鸡蛋	http://i1.xiachufang.com/image/140/950e3c729ee311e38844b8ca3aeed2d7.jpg	/recipe/1001365/	鸡蛋、番茄、盐、糖
土豆炖牛肉	http://i1.xiachufang.com/image/140/4d50cfbe9ec811e38844b8ca3aeed2d7.jpg	/recipe/26614/	土豆、牛肉、姜、葱、油、生抽王、料酒、清水、八角、桂皮、香叶、盐、白糖、葱花
蒜香茄条	http://i4.xiachufang.com/image/140/5d1865109edc11e38844b8ca3aeed2d7.jpg	/recipe/254463/	茄子、蒜末、尖椒、小红椒、盐、糖、醋、生抽、香油
开背蒜香虾	http://i2.xiachufang.com/image/140/081ec91c9ee811e38844b8ca3aeed2d7.jpg	/recipe/1008302/	虾、蒜瓣、盐、料酒、胡椒粉、柠檬汁、黑胡椒颗粒
蘑菇炒肉片	http://i1.xiachufang.com/image/140/4e7fb2749ec811e38844b8ca3aeed2d7.jpg	/recipe/26731/	蘑菇、肉片、酱油、盐、料酒、淀粉、油、姜丝、葱花
红烧鱼	http://i2.xiachufang.com/image/140/b9fb7cb69ed411e38844b8ca3aeed2d7.jpg	/recipe/181441/	鱼、盐、油、生姜丝、豆瓣酱、葱花、香菜
什锦玉米粒	http://i4.xiachufang.com/image/140/3c687fb49efd11e38844b8ca3aeed2d7.jpg	/recipe/1055088/	甜玉米粒、青豆、胡萝卜、火腿、盐
香辣蟹	http://i2.xiachufang.com/image/140/804221189edf11e3b4a6e0db5512b209.jpg	/recipe/261758/	螃蟹、干红辣椒、花椒、姜片、蒜片、豆瓣酱、盐、料酒、胡椒粉、八角、桂皮、白糖
炒青菜	http://i4.xiachufang.com/image/140/086f78a09ee611e38844b8ca3aeed2d7.jpg	/recipe/1005114/	青菜、橄榄油、盐
秘制东坡肘子	http://i4.xiachufang.com/image/140/ce7d66749edc11e38844b8ca3aeed2d7.jpg	/recipe/255803/	蹄髈、冰糖、桂皮、八角、香叶、丁香、草果、肉豆蔻、芫荽籽、花椒、陈皮、料酒、生抽、葱、姜
爆炒牛肉	http://i1.xiachufang.com/image/140/5ccde23c9ee711e38844b8ca3aeed2d7.jpg	/recipe/1007327/	牛肉、干辣椒、姜、蒜、葱、白酒、味精、山胡椒油、生粉
肉末香菇豆腐	http://i1.xiachufang.com/image/140/80d950169ed911e38844b8ca3aeed2d7.jpg	/recipe/229866/	豆腐、肉末、香菇、蒜末、老干妈、泡椒、水淀粉、盐、生抽、水
红烧肉炖土豆	http://i2.xiachufang.com/image/140/541f81d69ec911e38844b8ca3aeed2d7.jpg	/recipe/44787/	猪五花肉、土豆、油豆腐泡、香葱、姜、八角、生抽、老抽、白砂糖
赛螃蟹	http://i4.xiachufang.com/image/140/89b533ca9ee911e3b4a6e0db5512b209.jpg	/recipe/1010610/	鸡蛋、鱼肉、虾肉、姜末、盐、糖、陈醋
青椒牛肉	http://i3.xiachufang.com/image/140/d935ed0e9ee411e38844b8ca3aeed2d7.jpg	/recipe/1003340/	青椒、牛肉、生粉、酱油、洋葱、胡椒粉、蒜
蛋蒸肉	http://i3.xiachufang.com/image/140/3df344549ecb11e38844b8ca3aeed2d7.jpg	/recipe/92262/	鸡蛋、肉馅、料酒、香油、盐、糖、葱、姜、小葱
炒茄泥	http://i2.xiachufang.com/image/140/609be96a9ef411e3b4a6e0db5512b209.jpg	/recipe/1045836/	茄子、尖椒、香菇、生姜、盐、糖、生抽
莴笋炒肉片	http://i2.xiachufang.com/image/140/df1c31aa9ed111e38844b8ca3aeed2d7.jpg	/recipe/161473/	莴笋、肉、盐、油、姜片、料酒、酱油、干辣椒
蒸鸡蛋羹	http://i2.xiachufang.com/image/140/deff1b2c9eec11e38844b8ca3aeed2d7.jpg	/recipe/1015542/	鸡蛋、温水、盐、蒸鱼豉油
砂锅丸子	http://i1.xiachufang.com/image/140/a1de59f29edc11e38844b8ca3aeed2d7.jpg	/recipe/255109/	五花肉、豆腐、木耳、胡萝卜、小白菜、粉丝、盐、料酒、鸡精、胡椒粉、蚝油、芝麻油
孜然羊肉片	http://i1.xiachufang.com/image/140/097900769ec911e38844b8ca3aeed2d7.jpg	/recipe/39115/	羊肉片、香菜、花椒、葱、姜、糖、料酒、生抽、孜然粒、孜然粉、盐、辣椒面
粉蒸肉	http://i1.xiachufang.com/image/140/4819d5ba9ee411e3b4a6e0db5512b209.jpg	/recipe/1002322/	五花肉、大米、糯米、大料、干红辣椒、花椒、桂皮、酱油、料酒、甜面酱、红腐乳汁、郫县豆瓣酱
大白菜炖番茄	http://i1.xiachufang.com/image/140/0f9ba0a69ecb11e38844b8ca3aeed2d7.jpg	/recipe/89889/	大白菜、番茄、鲜香菇、姜末、盐
洋葱炒肉	http://i3.xiachufang.com/image/140/e48beff69ee311e38844b8ca3aeed2d7.jpg	/recipe/1002010/	洋葱、肉
干锅培根手撕包菜	http://i4.xiachufang.com/image/140/697b1f9a9ece11e38844b8ca3aeed2d7.jpg	/recipe/114007/	卷心菜、培根、蒜片、干辣椒、醋、生抽、糖
快手红烧萝卜	http://i3.xiachufang.com/image/140/3fad7be4b09f11e3b4a6e0db5512b209.jpg	/recipe/1075986/	白萝卜、彩椒、青豆、老抽、盐
家常红烧鸡块	http://i4.xiachufang.com/image/140/e48673189ecb11e38844b8ca3aeed2d7.jpg	/recipe/98707/	鸡、花椒、大蒜、葱、生抽、老抽、料酒、盐、白糖、干辣椒、青椒
香煎带鱼	http://i2.xiachufang.com/image/140/b01c749a9f3b11e38844b8ca3aeed2d7.jpg	/recipe/100028722/	带鱼、盐、面粉
水煮牛肉	http://i2.xiachufang.com/image/140/0eefbcf49ecc11e38844b8ca3aeed2d7.jpg	/recipe/99741/	牛里脊肉、莴笋、生菜、香菇、料酒、蛋清、蚝油、淀粉、炒菜油、水、花椒粒、郫县豆瓣、高汤、葱、姜、蒜、生抽、糖、清油、花椒粉、辣椒粉
拔丝地瓜	http://i3.xiachufang.com/image/140/b8e4faae9ed511e3b4a6e0db5512b209.jpg	/recipe/185853/	黄壤地瓜、绵白糖、花生油
番茄蘑菇炖牛肉	http://i4.xiachufang.com/image/140/6ff6b24c9f2511e38844b8ca3aeed2d7.jpg	/recipe/1101224/	牛腩、姜、香叶、八角、桂皮、花椒、番茄、洋葱、胡萝卜、杏鲍菇、青椒、盐、胡椒粉、  
洋葱炒肥牛	http://i4.xiachufang.com/image/140/4ebb29729ee011e3b4a6e0db5512b209.jpg	/recipe/263780/	肥牛、洋葱、青椒、红椒、高汤、蒸鱼豉油、老抽、蚝油、现磨胡椒粉、红薯淀粉
洋葱炒猪肝	http://i2.xiachufang.com/image/140/33c3c6869ec911e38844b8ca3aeed2d7.jpg	/recipe/43575/	猪肝、洋葱、酱油、盐、糖、姜丝、料酒、芡粉
家常豆腐(彩椒版)	http://i1.xiachufang.com/image/140/9cb868d89f0811e3b4a6e0db5512b209.jpg	/recipe/1070230/	豆腐、青椒、红椒、黄椒、香葱、姜、蒜、生抽、白砂糖、淀粉
杏鲍菇扣西兰花	http://i4.xiachufang.com/image/140/ddbd45e69ec811e38844b8ca3aeed2d7.jpg	/recipe/37258/	杏鲍菇、西兰花、葱、姜、蒜、蚝油、老抽、白糖、熟白芝麻、盐、鸡精
鸡蛋羹	http://i2.xiachufang.com/image/140/ae1ac0946df311e3b42bb8ca3aeed2d7.jpg	/recipe/1070990/	鸡蛋、清水、盐、香油、蒸鱼豉油、葱花
招牌黑椒炒花蛤	http://i3.xiachufang.com/image/140/f43fb4b69f0411e38844b8ca3aeed2d7.jpg	/recipe/1066856/	花蛤、蚝油、糖、清水（调匀调料；减轻咸度）、干辣椒、洋葱、香葱、蒜、姜片、黑胡椒汁、黑胡椒碎、生抽、老抽、白胡椒粉、鱼露、盐
红烧肉沫豆腐	http://i1.xiachufang.com/image/140/3be3650e9ecb11e38844b8ca3aeed2d7.jpg	/recipe/91937/	豆腐、葱片、蒜碎、老抽、猪肉馅、料酒、生粉、盐、糖
芦笋炒蘑菇	http://i3.xiachufang.com/image/140/eedad6609f1b11e3b4a6e0db5512b209.jpg	/recipe/1088623/	口蘑、芦笋、黑胡椒、盐、黄油、蒜
砂锅白菜豆腐	http://i1.xiachufang.com/image/140/531ce1d09ee611e3b4a6e0db5512b209.jpg	/recipe/1005850/	北豆腐、白菜、姜、盐
油爆虾	http://i2.xiachufang.com/image/140/aca951a09ecf11e3b4a6e0db5512b209.jpg	/recipe/127182/	河虾、料酒、高汤、盐、糖、醋
鱼香茄子	http://i1.xiachufang.com/image/140/8cca4ad69ec711e38844b8ca3aeed2d7.jpg	/recipe/20572/	茄子、郫县豆瓣、剁椒酱、大蒜、香葱
家常春饼	http://i2.xiachufang.com/image/140/16db9f969ecc11e38844b8ca3aeed2d7.jpg	/recipe/99536/	普通面粉、80度以上热水、凉水
蛋黄焗南瓜	http://i2.xiachufang.com/image/140/53e685709ec911e38844b8ca3aeed2d7.jpg	/recipe/45808/	南瓜、咸鸭蛋、干淀粉、盐、白糖
小葱拌豆腐	http://i3.xiachufang.com/image/140/8b62c7ce9eca11e38844b8ca3aeed2d7.jpg	/recipe/85615/	豆腐、小葱、盐、白胡椒粉、油、花椒粒、香油、鸡精
清炒西兰花	http://i4.xiachufang.com/image/140/41fe920e9ec811e38844b8ca3aeed2d7.jpg	/recipe/26632/	西兰花、胡萝卜、水、盐、油、鸡精
家常酱茄子	http://i4.xiachufang.com/image/140/606932389f4c11e38844b8ca3aeed2d7.jpg	/recipe/100047827/	茄子（紫皮为佳）、五花肉、大蒜、大葱、生姜、豆瓣酱、生抽（或 海鲜酱油）、料酒、蚝油、砂糖、香油、味精、胡椒粉、食盐、干红椒（或 泰椒）
麻辣藕片	http://i1.xiachufang.com/image/140/0df9eff49ecc11e38844b8ca3aeed2d7.jpg	/recipe/99666/	莲藕、干红辣椒、花椒、八角、醋、酱油、白糖、盐、熟白芝麻
白菜肉糜卷	http://i4.xiachufang.com/image/140/f32f405e9f4611e3b4a6e0db5512b209.jpg	/recipe/100041500/	瘦肉、肥肉、荸荠或者藕、蛋清、面粉、甜玉米粒、姜、葱、料酒、盐、生抽、花椒、白菜叶
西红柿炒土豆片	http://i1.xiachufang.com/image/140/38365d569ee111e38844b8ca3aeed2d7.jpg	/recipe/266051/	土豆、西红柿、葱末、蒜末、姜末、生抽、鸡精、蚝油、糖、盐
干锅土豆片	http://i3.xiachufang.com/image/140/800ee2e49ee411e38844b8ca3aeed2d7.jpg	/recipe/1002774/	土豆、青椒、朝天椒、郫县豆瓣酱、生抽、糖
火爆腰花	http://i1.xiachufang.com/image/140/5278e75c9ee511e38844b8ca3aeed2d7.jpg	/recipe/1004158/	猪腰、干辣椒、姜、盐、生抽、老抽、白糖、醋、花椒
高升排骨	http://i1.xiachufang.com/image/140/c67df0d29ed811e38844b8ca3aeed2d7.jpg	/recipe/213763/	仔排、蒜、黄酒、米醋、白砂糖、生抽、清水
梅干菜红烧肉	http://i3.xiachufang.com/image/140/1677dedc9ed811e3b4a6e0db5512b209.jpg	/recipe/199548/	五花肉、梅干菜、腐乳汁、醋、老抽、料酒、红糖、蒜、葱
肥牛金针菇卷	http://i1.xiachufang.com/image/140/93e9dfcc9ed911e3b4a6e0db5512b209.jpg	/recipe/233418/	金针菇、肥牛片、蚝油、白糖、清水
手撕杏鲍菇炒肉丝	http://i3.xiachufang.com/image/140/2dc8fc689f0c11e38844b8ca3aeed2d7.jpg	/recipe/1073205/	杏鲍菇、瘦肉、青椒、红椒、盐、蚝油、蒜
香辣豆腐肉片	http://i2.xiachufang.com/image/140/b09787cc9f2f11e3b4a6e0db5512b209.jpg	/recipe/100016035/	豆腐、里脊肉、淀粉、郫县豆瓣、生抽、大蒜、花椒、植物油、小葱、盐、夏日鲜姜、鲜椒
小鸡炖蘑菇	http://i4.xiachufang.com/image/140/1c6182369ec811e38844b8ca3aeed2d7.jpg	/recipe/25189/	柴鸡、榛蘑、粉皮、八角、桂皮、葱、姜、酱油、盐
菠菜猪肝汤	http://i2.xiachufang.com/image/140/b5b555489edc11e38844b8ca3aeed2d7.jpg	/recipe/255637/	菠菜、猪肝、姜片、枸杞、淀粉、生抽、盐、胡椒粉、香油
蒜蓉油麦菜	http://i3.xiachufang.com/image/140/316a685c9eda11e38844b8ca3aeed2d7.jpg	/recipe/243771/	蒜蓉、油麦菜、食用油、盐、鸡精
金针菇炒蛋	http://i2.xiachufang.com/image/140/54cc43929ee411e3b4a6e0db5512b209.jpg	/recipe/1002511/	金针菇、鸡蛋、姜、葱、耗油、盐、胡椒粉
清炒丝瓜	http://i4.xiachufang.com/image/140/cfa8590e9ece11e38844b8ca3aeed2d7.jpg	/recipe/117568/	丝瓜、大蒜、花生油、盐
鸡汤	http://i3.xiachufang.com/image/140/af4aa3806df311e380a4e0db5512b209.jpg	/recipe/1070992/	老母鸡、姜片、小葱、党参、当归、甘草、桂圆肉、红枣、料酒、盐、鸡精
美味溜肉段	http://i1.xiachufang.com/image/140/0f53c0b49ee011e38844b8ca3aeed2d7.jpg	/recipe/262741/	里脊肉、青椒、醋、酱油、糖、白酒、料酒、盐、葱、姜、蒜
番茄豆腐	http://i2.xiachufang.com/image/140/ce88aa9a9ed511e38844b8ca3aeed2d7.jpg	/recipe/186135/	豆腐、番茄、蒜、盐、胡椒粉、鸡精。、香油、蒜苗
藕丁炒青椒	http://i2.xiachufang.com/image/140/b9baabc29ec611e38844b8ca3aeed2d7.jpg	/recipe/14990/	莲藕、青椒、油、盐、酱油
拔丝红薯	http://i3.xiachufang.com/image/140/dc02ba6c9ec611e38844b8ca3aeed2d7.jpg	/recipe/14868/	红薯、冰糖、油
麻婆豆腐	http://i2.xiachufang.com/image/140/c536175c9edf11e38844b8ca3aeed2d7.jpg	/recipe/261904/	嫩豆腐、牛肉、郫县豆瓣酱、辣椒面、花椒、葱、姜、蒜
鱼香杏鲍菇	http://i4.xiachufang.com/image/140/3f42837c9ee111e3b4a6e0db5512b209.jpg	/recipe/266134/	杏鲍菇、蒜瓣、生抽、料酒、醋、糖、剁椒、生粉
蒜泥豇豆	http://i1.xiachufang.com/image/140/d5b7fb6e9ef711e38844b8ca3aeed2d7.jpg	/recipe/1049085/	豇豆、红辣椒、大蒜、生抽、糖、清水、植物油
香菇酿	http://i4.xiachufang.com/image/140/8c40966a9ee011e3b4a6e0db5512b209.jpg	/recipe/263991/	肉馅、香菇、黑木耳干、葱、生粉、盐、料酒、生抽、姜蓉
素炒三丁	http://i4.xiachufang.com/image/140/333214ae9edb11e3b4a6e0db5512b209.jpg	/recipe/248194/	香菇、胡萝卜、豌豆、葱、姜、生抽、蚝油、糖、水淀粉
红烧鸡翅根	http://i1.xiachufang.com/image/140/e0383fde9ed611e38844b8ca3aeed2d7.jpg	/recipe/191088/	鸡翅根、冰糖、盐、八角、干辣椒
酥炸小黄花鱼	http://i3.xiachufang.com/image/140/bd71c47e9ee111e3b4a6e0db5512b209.jpg	/recipe/266792/	小黄花鱼、面粉、玉米淀粉、泡打粉、清水、五香粉、盐、料酒、姜、葱
蟹黄豆腐	http://i4.xiachufang.com/image/140/95d04b329ee311e38844b8ca3aeed2d7.jpg	/recipe/1001509/	内酯豆腐、咸蛋黄、虾仁、鸡精、高汤(没有可用清水代替)、水淀粉、油、小葱
很“浪费”米饭的家常菜之一-------干锅菜花	http://i4.xiachufang.com/image/140/df96af0c7b5911e3b5bdb8ca3aeed2d7.jpg	/recipe/100052142/	白菜花、干辣椒、花椒、姜、葱、蒜、香叶、郫县豆瓣酱、盐、生抽、糖、香油
朴素的土豆片	http://i3.xiachufang.com/image/140/7412b1109f3311e3b4a6e0db5512b209.jpg	/recipe/100021012/	土豆、油、盐、生抽、糖、水
番茄脆皮豆腐	http://i2.xiachufang.com/image/140/b7632ab89ec911e38844b8ca3aeed2d7.jpg	/recipe/75568/	豆腐、番茄酱、糖、醋
红焖羊肉	http://i3.xiachufang.com/image/140/bd32c53a9ec811e38844b8ca3aeed2d7.jpg	/recipe/35596/	羊肉、大蒜、料酒、香辣酱、干红辣椒、姜片、生抽、老抽、糖、盐、八角、花椒、桂皮、枸杞
可乐鸡翅中	http://i3.xiachufang.com/image/140/e944fd349ed511e38844b8ca3aeed2d7.jpg	/recipe/187048/	鸡翅、八角、花椒、香叶、葱、姜、可乐、酱油、盐
香菇烧栗子	http://i4.xiachufang.com/image/140/bd73add49ee611e3b4a6e0db5512b209.jpg	/recipe/1006259/	栗子、香菇、青椒红椒、盐、生抽、老抽、姜
烧蘑菇	http://i2.xiachufang.com/image/140/b79eb9dc9ec611e3b4a6e0db5512b209.jpg	/recipe/13660/	平菇、葱、姜、蒜、生抽、老抽、黄酒、白胡椒粉、糖、鸡粉、盐
小炒肉	http://i4.xiachufang.com/image/140/07987fae9ecc11e38844b8ca3aeed2d7.jpg	/recipe/99511/	带皮五花肉片、青尖椒、红尖椒、豆瓣酱、蒜头、生姜
家常香嫩手撕鸡	http://i4.xiachufang.com/image/140/1e0817d69ee511e3b4a6e0db5512b209.jpg	/recipe/1003613/	鸡、食盐、麻油、蚝油、生抽、香菜、大蒜子、辣椒粉
糖醋排骨	http://i3.xiachufang.com/image/140/359ff5f09ec511e38844b8ca3aeed2d7.jpg	/recipe/12453/	小肋排、料酒、酱油、白糖、醋、清水、大料、葱段、姜片、盐
豆腐鲜肉饼	http://i4.xiachufang.com/image/140/e84ef52a9ede11e38844b8ca3aeed2d7.jpg	/recipe/259696/	猪肉、葱、姜、老豆腐、生抽、盐、白糖、料酒
白菜炒木耳	http://i1.xiachufang.com/image/140/23f7e9649ec711e38844b8ca3aeed2d7.jpg	/recipe/18046/	白菜、木耳、葱、姜、花椒、八角、老抽、白糖、醋、盐、鸡精
日本豆腐	http://i3.xiachufang.com/image/140/1701fed29ec911e38844b8ca3aeed2d7.jpg	/recipe/38785/	日本豆腐、淀粉、番茄沙司、白糖、盐、清水
红烧茄子	http://i3.xiachufang.com/image/140/a35b63589ee411e38844b8ca3aeed2d7.jpg	/recipe/1002967/	茄子、猪肉、蒜、鸡精、#味汁料 ( 按比例配 )、豆瓣酱、白糖、生抽、盐、淀粉、热水
湖南蛋	http://i4.xiachufang.com/image/140/af21b0589ef211e38844b8ca3aeed2d7.jpg	/recipe/1044473/	鸡蛋、葱、蒜、指天椒、豆鼓、油、盐
苦瓜酿肉	http://i2.xiachufang.com/image/140/2c13b83a9ec711e38844b8ca3aeed2d7.jpg	/recipe/17987/	五花肉、苦瓜、生抽、料酒、香菇、虾、五香粉、姜粉、淀粉、鸡蛋、盐
冒菜	http://i3.xiachufang.com/image/140/9b49feb89eda11e38844b8ca3aeed2d7.jpg	/recipe/245860/	火锅粉、花菜、木耳、米凉糕、平菇、藕、土豆、莴笋、黑豆豉、蒜、老姜、草果、香果、小茴香、桂皮、白扣、香叶、三角、胡椒末、花椒末、芝麻油、花椒油、郫县豆瓣、味精、盐、二荆条、小米椒、香菜
清蒸鲈鱼	http://i4.xiachufang.com/image/140/16591d009ecc11e3b4a6e0db5512b209.jpg	/recipe/99534/	鲈鱼、小绿辣椒、蒸鱼豉油、盐、白糖、胡椒粉、大葱白、姜、香葱、香菜、绍酒
锅包肉	http://i1.xiachufang.com/image/140/1839eff09ec711e38844b8ca3aeed2d7.jpg	/recipe/17840/	猪里脊肉、葱、姜、香菜、胡萝卜、白糖、生抽、盐、水淀粉、鸡蛋
酸甜酱煎日本豆腐	http://i2.xiachufang.com/image/140/26f25edc9ee611e3b4a6e0db5512b209.jpg	/recipe/1005364/	日本豆腐、酸甜酱、淀粉、鸡蛋
清炒绿豆芽	http://i4.xiachufang.com/image/140/17eae8ac9ee411e3b4a6e0db5512b209.jpg	/recipe/1001822/	绿豆芽、干辣椒、葱、姜、蒜、盐、糖、醋
深夜食堂－－章鱼烧/红色香肠	http://i3.xiachufang.com/image/140/9405a29a9eeb11e38844b8ca3aeed2d7.jpg	/recipe/1013470/	香肠、西兰花
鸡刨豆腐	http://i4.xiachufang.com/image/140/917f44049ee111e38844b8ca3aeed2d7.jpg	/recipe/266563/	豆腐、鸡蛋、小葱、盐、白胡椒粉
鲜虾木耳滑蛋	http://i3.xiachufang.com/image/140/7553acae9ee411e3b4a6e0db5512b209.jpg	/recipe/1002480/	虾仁、木耳、鸡蛋、葱、姜、料酒、淀粉、盐
糯米蒸排骨	http://i4.xiachufang.com/image/140/10fa85889ee011e3b4a6e0db5512b209.jpg	/recipe/262812/	排骨、糯米、甜酒酿、生姜、盐、生抽、老抽、胡椒粉
葱爆羊肉	http://i3.xiachufang.com/image/140/06630ecc9ec911e38844b8ca3aeed2d7.jpg	/recipe/38743/	羊肉片、葱白、盐、生抽、料酒、白糖
回锅肉	http://i3.xiachufang.com/image/140/0d4acfd89ee011e3b4a6e0db5512b209.jpg	/recipe/263278/	坐臀肉、青蒜、郫县豆瓣酱、甜面酱、豆豉、酱油、料酒、白糖、盐
青椒肉丝	http://i2.xiachufang.com/image/140/e7514bcc9ee911e3b4a6e0db5512b209.jpg	/recipe/1011011/	瘦肉、青椒、蒜、料酒、酱油、水淀粉、盐、糖
青椒炒鸡蛋	http://i2.xiachufang.com/image/140/d107fc629ee411e3b4a6e0db5512b209.jpg	/recipe/1003332/	青椒、鸡蛋、盐
冒什锦(家常版麻辣烫)	http://i1.xiachufang.com/image/140/77da935e9ef111e38844b8ca3aeed2d7.jpg	/recipe/1042352/	土豆、红薯粉丝、西兰花、茼蒿、午餐肉、香菇贡丸、干辣椒、香葱、蒜、姜、香菜、黑木耳、藕片、火锅底料、白砂糖、生抽、芝麻油、红油郫县豆瓣酱
西芹炒虾仁	http://i4.xiachufang.com/image/140/d1f680489ee511e38844b8ca3aeed2d7.jpg	/recipe/1005227/	西芹、虾仁、盐、糖、蚝油、葱姜末
酸豆角炒肉末	http://i1.xiachufang.com/image/140/12b5d12c9eca11e38844b8ca3aeed2d7.jpg	/recipe/79556/	酸豆角、肉沫、盐、大蒜、白酒、油、豆瓣酱、鸡精、干辣椒
粉丝烧大虾	http://i4.xiachufang.com/image/140/c19d7aa89ec711e3b4a6e0db5512b209.jpg	/recipe/22593/	粉丝、基围虾、葱、姜、蚝油、生抽、糖、鸡精、料酒、盐
梅菜扣肉	http://i1.xiachufang.com/image/140/b6d090926df311e380a4e0db5512b209.jpg	/recipe/1071015/	五花肉、梅菜、蚝油、生抽、老抽、腐乳汁、白糖、生粉、蜂蜜、红葱头碎、姜末、盐、味精、食用油
芹菜肉丝	http://i4.xiachufang.com/image/140/482dec849ed111e38844b8ca3aeed2d7.jpg	/recipe/157900/	猪肉、芹菜、盐、山芋粉、酱油、红辣椒
干锅排骨	http://i3.xiachufang.com/image/140/1a931e509ed311e38844b8ca3aeed2d7.jpg	/recipe/170322/	子排、姜、蒜、料酒、生抽、蚝油、老抽、白糖
西葫芦炒鸡蛋	http://i3.xiachufang.com/image/140/1d0ce7869edf11e38844b8ca3aeed2d7.jpg	/recipe/260319/	鸡蛋、西葫芦、大蒜、盐、植物油
西红柿炒菜花	http://i4.xiachufang.com/image/140/b86ad23a9ec911e38844b8ca3aeed2d7.jpg	/recipe/75688/	菜花、西红柿、葱、盐
蒜蓉菠菜	http://i4.xiachufang.com/image/140/2dcac56c9ee311e38844b8ca3aeed2d7.jpg	/recipe/1000807/	菠菜、蒜、姜、花椒
红烧肉（蒜香版）	http://i3.xiachufang.com/image/140/af723f949ee511e38844b8ca3aeed2d7.jpg	/recipe/1004963/	五花肉、蒜头、生抽、老抽、黄酒、盐（可选）、冰糖
清炒虾仁	http://i2.xiachufang.com/image/140/459a76c69ee111e38844b8ca3aeed2d7.jpg	/recipe/265944/	虾仁、青豆、胡萝卜、鸡蛋蛋白、生粉、姜、盐
蒜苔炒肉	http://i3.xiachufang.com/image/140/542b23269ee511e38844b8ca3aeed2d7.jpg	/recipe/1004258/	蒜苔、瘦肉、辣椒、大蒜、醋、糖、盐、味精
视频菜谱：金针菇培根卷	http://i2.xiachufang.com/image/140/290891ba6df311e3b42bb8ca3aeed2d7.jpg	/recipe/1010084/	培根片、金针菇、油、牙签、调味酱
鲫鱼豆腐汤	http://i1.xiachufang.com/image/140/5d5af6649ee611e38844b8ca3aeed2d7.jpg	/recipe/1005958/	鲫鱼、豆腐、盐、料酒、清水
三丝炒大白菜	http://i2.xiachufang.com/image/140/25ff90ea9ee011e38844b8ca3aeed2d7.jpg	/recipe/263141/	大白菜、鲜菇、瘦肉、胡萝卜、盐、生抽、生粉
腐乳菜花	http://i4.xiachufang.com/image/140/c916246a6df311e3b42bb8ca3aeed2d7.jpg	/recipe/1073114/	菜花、腐乳块和汁、料酒、小辣椒、油、盐
盐爆鱿鱼卷	http://i4.xiachufang.com/image/140/93526de89ee011e38844b8ca3aeed2d7.jpg	/recipe/264266/	鱿鱼、青红椒、香菜、大蒜、姜、生抽、料酒、醋、盐、清水
豆腐泡塞肉	http://i3.xiachufang.com/image/140/82fb73969eda11e38844b8ca3aeed2d7.jpg	/recipe/244503/	豆腐泡、梅肉、冬菇、葱、油、盐、生粉、鲍鱼汁、老抽
青豌豆炒肉丁	http://i2.xiachufang.com/image/140/8a61c8e89ed911e38844b8ca3aeed2d7.jpg	/recipe/231924/	猪瘦肉、青豌豆、生抽、糖、盐、葱、蒜、生粉、料酒、鸡精
红烧杏鲍菇	http://i4.xiachufang.com/image/140/e6df6c3c9edf11e3b4a6e0db5512b209.jpg	/recipe/262617/	杏鲍菇、蒜末、李锦记红烧汁、香油、糖、香葱末
香菇炖鸡	http://i2.xiachufang.com/image/140/25c6a2ae9edf11e38844b8ca3aeed2d7.jpg	/recipe/260784/	鸡、香菇、姜、葱、花椒、八角、生抽、料酒、白糖、盐
番茄肉末豆腐	http://i4.xiachufang.com/image/140/9c0c26d69ee511e38844b8ca3aeed2d7.jpg	/recipe/1004248/	豆腐、西红柿、肉末、蒜末、姜末、小葱
冬菇焖鸡	http://i2.xiachufang.com/image/140/afe2d4f89f3e11e38844b8ca3aeed2d7.jpg	/recipe/100031352/	三黄鸡、冬菇、木耳、针菜、葱姜蒜
蒜蓉荷兰豆	http://i1.xiachufang.com/image/140/c0e763f09ed411e38844b8ca3aeed2d7.jpg	/recipe/181224/	荷兰豆、蒜头、蒜蓉、盐
姜葱炒梭子蟹	http://i1.xiachufang.com/image/140/82a343b89ecd11e38844b8ca3aeed2d7.jpg	/recipe/109737/	梭子蟹、姜、葱、蒜、盐、糖、美极鲜酱油
青椒炒香肠	http://i1.xiachufang.com/image/140/3fa39af69ee411e38844b8ca3aeed2d7.jpg	/recipe/1001902/	香肠、青椒、蒜末、姜末、盐、鸡精
辣子鸡	http://i3.xiachufang.com/image/140/f58fb0b89ee211e38844b8ca3aeed2d7.jpg	/recipe/1000016/	鸡肉、土豆、干辣椒、花椒、姜、糖、孜然、盐、料酒
椒盐虾	http://i2.xiachufang.com/image/140/d4672fd89ec911e38844b8ca3aeed2d7.jpg	/recipe/76099/	虾、淀粉、油、蒜、椒盐、料酒
干煸豆角	http://i1.xiachufang.com/image/140/96aa13529eda11e3b4a6e0db5512b209.jpg	/recipe/246044/	豆角、肉末、芽菜、海米、红美人椒、葱姜蒜、糖、鸡精、酱油、料酒、醋、香油、辣酱
白灼虾	http://i3.xiachufang.com/image/140/daafc0f29ede11e38844b8ca3aeed2d7.jpg	/recipe/259849/	基围虾、葱结、姜片、料酒、清水、自制蘸酱
青椒炒腐竹	http://i2.xiachufang.com/image/140/8617cfb09ec711e38844b8ca3aeed2d7.jpg	/recipe/20559/	腐竹、青椒、花椒、盐
鱼香肉丝	http://i3.xiachufang.com/image/140/11e7ad369ec711e38844b8ca3aeed2d7.jpg	/recipe/17762/	猪里脊肉、绿尖椒、胡萝卜、冬笋、黑木耳、生抽、料酒、水淀粉、醋、白糖、盐、色拉油、葱姜蒜、四川泡辣椒
肉末豇豆	http://i1.xiachufang.com/image/140/974947da9f1e11e38844b8ca3aeed2d7.jpg	/recipe/1090554/	豇豆、肉末、干辣椒、花椒、老抽、醋、盐
素炒藕片	http://i2.xiachufang.com/image/140/3640b31c9ee511e3b4a6e0db5512b209.jpg	/recipe/1004021/	藕、青椒、蒜
西葫芦炒肉片	http://i2.xiachufang.com/image/140/375564009ec711e3b4a6e0db5512b209.jpg	/recipe/18006/	里脊肉、西葫芦、生抽、料酒、水淀粉、蒜、高汤、盐、鸡精
炸藕夹	http://i2.xiachufang.com/image/140/3ccf5daa9eef11e38844b8ca3aeed2d7.jpg	/recipe/1026080/	莲藕、肉馅、糖、盐、料酒、胡椒粉、生抽、葱末、姜末、面粉、泡打粉、鸡蛋、水、鸡精、油
炝拌土豆丝	http://i2.xiachufang.com/image/140/331bac889ee411e3b4a6e0db5512b209.jpg	/recipe/1002331/	大土豆、青辣椒、红辣椒、大蒜、香菜、油、花椒、醋、盐、糖、辣椒油、香油
富贵红烧肉	http://i3.xiachufang.com/image/140/0eb35b869ed311e38844b8ca3aeed2d7.jpg	/recipe/170224/	五花肉、鹌鹑蛋、姜、葱、八角、香叶、红烧酱油、糖
家常红烧鱼	http://i3.xiachufang.com/image/140/af0643e89ec711e3b4a6e0db5512b209.jpg	/recipe/22036/	鲜鱼、大蒜、干辣椒、老姜、老抽、白糖
木耳炒肉	http://i2.xiachufang.com/image/140/1542198a9ec711e38844b8ca3aeed2d7.jpg	/recipe/17772/	猪里脊肉、木耳、葱、生抽、醋、水淀粉、料酒、盐、鸡精
清蒸鲈鱼	http://i3.xiachufang.com/image/140/d8a0b98a9ec811e38844b8ca3aeed2d7.jpg	/recipe/35783/	鲈鱼、葱、姜、酱油、醋、盐、油、枸杞
反沙芋头	http://i2.xiachufang.com/image/140/45bdfef4914c11e3af5fb8ca3aeed2d7.jpg	/recipe/1007131/	芋头、糖、盐、油
小炒菜花	http://i4.xiachufang.com/image/140/fa883e9e9edf11e38844b8ca3aeed2d7.jpg	/recipe/263022/	菜花、五花肉、青尖椒、朝天椒、姜、蒜、盐、生抽、鸡精、白糖
番茄排骨汤	http://i2.xiachufang.com/image/140/79a920c89ec511e38844b8ca3aeed2d7.jpg	/recipe/12460/	排骨、番茄、番茄酱、姜片、盐、料酒
主厨炒蘑菇	http://i4.xiachufang.com/image/140/ae6c2d6e9f0b11e38844b8ca3aeed2d7.jpg	/recipe/1073002/	口蘑、大蒜、黄油、黑胡椒碎、盐、水淀粉
手撕豆角炒肉末	http://i2.xiachufang.com/image/140/e3b016e09ec811e38844b8ca3aeed2d7.jpg	/recipe/37788/	豆角、肉糜、老抽、生抽、黑胡椒粉、花生油、葱、姜、盐
芦笋炒蘑菇	http://i4.xiachufang.com/image/140/d4dd8e569ec611e38844b8ca3aeed2d7.jpg	/recipe/15379/	芦笋、口蘑、生抽、盐
棒骨萝卜汤	http://i3.xiachufang.com/image/140/c5f5e0ea9ec711e38844b8ca3aeed2d7.jpg	/recipe/22819/	棒骨、白萝卜、葱、姜、料酒、鸡精、盐
蓑衣黄瓜	http://i3.xiachufang.com/image/140/9605d5b4a4f011e38844b8ca3aeed2d7.jpg	/recipe/100113947/	黄瓜、食盐、醋、鸡精、蒜、干辣椒、生抽、白糖、芝麻油、水、植物油
炸藕盒	http://i4.xiachufang.com/image/140/6f4947129ec911e38844b8ca3aeed2d7.jpg	/recipe/47939/	莲藕、猪肉馅、葱花、姜末、料酒、香油、淀粉、盐、普通面粉、泡打粉、和酵母、白胡椒粉、温水
火爆大头菜	http://i3.xiachufang.com/image/140/c6b9a91a9ec911e38844b8ca3aeed2d7.jpg	/recipe/75876/	大头菜、油、干红辣椒、花椒粒、葱花、蚝油、蒜末、盐
三鲜豆腐	http://i3.xiachufang.com/image/140/887bc33a9ed911e38844b8ca3aeed2d7.jpg	/recipe/234487/	豆腐、鲜虾、蟹味菇、食用油、生抽、盐、鲍鱼汁、香油
香菇菜心	http://i2.xiachufang.com/image/140/7f1c1cf89ed011e38844b8ca3aeed2d7.jpg	/recipe/133972/	香菇、小油菜心、各种调料
腊肠手撕包菜	http://i2.xiachufang.com/image/140/8dbb39bc9ec911e38844b8ca3aeed2d7.jpg	/recipe/48788/	圆白菜、腊肠、葱花、生抽、白醋、盐、鸡精
腌笃鲜	http://i2.xiachufang.com/image/140/c0a043069ec711e38844b8ca3aeed2d7.jpg	/recipe/22523/	咸猪肉、鲜猪后腿肉、竹笋、百叶结、葱、姜、盐、鸡精、绍酒
清炒茼蒿	http://i4.xiachufang.com/image/140/48a645209ee611e38844b8ca3aeed2d7.jpg	/recipe/1005590/	茼蒿、蒜、生抽、蚝油、糖、盐、香油
板栗焖排骨	http://i1.xiachufang.com/image/140/210b94d89ee211e3b4a6e0db5512b209.jpg	/recipe/267847/	板栗、排骨、老抽、生抽、醋、料酒、蒜、红椒、八角、葱、冰糖
大蒜烧鳝鱼	http://i1.xiachufang.com/image/140/d8de9a929ec911e38844b8ca3aeed2d7.jpg	/recipe/76256/	鳝鱼、白皮蒜、姜、葱、老抽、黄酒、白胡椒粉、糖、盐、香油
肉末粉丝煲	http://i3.xiachufang.com/image/140/dc9246f49ee511e38844b8ca3aeed2d7.jpg	/recipe/1005151/	红薯粉丝、猪肉末、姜、蒜、豆瓣辣酱、料酒、生抽、葱花
番茄牛腩	http://i3.xiachufang.com/image/140/0dbdbb849ec611e3b4a6e0db5512b209.jpg	/recipe/12340/	牛腩、番茄、胡萝卜、土豆、葱、姜、料酒、酱油、盐
苦瓜炒肉片	http://i2.xiachufang.com/image/140/1841ab769ec411e38844b8ca3aeed2d7.jpg	/recipe/9715/	苦瓜、猪里脊肉、盐、料酒、淀粉、食用油、鸡精
蜜汁烤肋排	http://i3.xiachufang.com/image/140/09fc0fec9f3d11e38844b8ca3aeed2d7.jpg	/recipe/100029654/	肋排、排骨酱、叉烧酱、料酒、黑胡椒粉、蜂蜜
鱼香白菜	http://i3.xiachufang.com/image/140/a817e2469f0b11e3b4a6e0db5512b209.jpg	/recipe/1072866/	白菜帮 | 泡红辣椒、泡姜、蒜末、葱末、郫县辣豆瓣酱、酱油、香醋、白糖、淀粉、水
蒜蓉炒菜心	http://i4.xiachufang.com/image/140/fc95d5669eda11e38844b8ca3aeed2d7.jpg	/recipe/247164/	广东菜心、蒜瓣、盐、白糖、家乐鸡粉
家常红烧排骨	http://i4.xiachufang.com/image/140/141760169ecb11e38844b8ca3aeed2d7.jpg	/recipe/90754/	排骨、干香菇、土豆、红椒、八角、干辣椒、花椒、香叶、桂皮、小茴香、香葱、老姜、料酒、老抽、白糖、盐
桂花红糖糯米藕	http://i2.xiachufang.com/image/140/b2ec9cfe9edc11e3b4a6e0db5512b209.jpg	/recipe/254921/	莲藕、糯米、红糖、冰糖、干桂花
素炒蘑菇西兰花红萝卜	http://i3.xiachufang.com/image/140/dc76491c9ee611e38844b8ca3aeed2d7.jpg	/recipe/1006064/	白菇、西兰花、红萝卜、盐、酱油
酱爆肉片	http://i4.xiachufang.com/image/140/9ab2bf2e9ee111e38844b8ca3aeed2d7.jpg	/recipe/266419/	五花肉、辣椒、胡萝卜、姜、蒜、食用油、甜面酱、料酒、糖、醋
爆炒猪肝	http://i3.xiachufang.com/image/140/36391f6c9ee011e38844b8ca3aeed2d7.jpg	/recipe/263156/	猪肝、红椒、胡萝卜、蒜、小葱、姜、青蒜苗、生抽、料酒、盐、鸡精、水淀粉、植物油、老抽、醋、香油
简版葱油鸡	http://i4.xiachufang.com/image/140/49fc09a69ee011e38844b8ca3aeed2d7.jpg	/recipe/263652/	鸡腿、葱、姜、红椒、盐、料酒、生抽、色拉油、香麻油
土豆红烧肉	http://i3.xiachufang.com/image/140/1bd303a89edc11e3b4a6e0db5512b209.jpg	/recipe/252697/	带皮五花肉、去皮土豆、八角、桂皮、冰糖、料酒、生抽
芦笋炒虾仁	http://i3.xiachufang.com/image/140/8a12c0409f4211e38844b8ca3aeed2d7.jpg	/recipe/100035536/	芦笋、虾仁、盐、料酒、蒜末
黄金玉米烙	http://i4.xiachufang.com/image/140/39f258e29ece11e3b4a6e0db5512b209.jpg	/recipe/113143/	玉米粒、干生粉、植物油、白糖
糖醋鱼块	http://i4.xiachufang.com/image/140/f04192709ed811e38844b8ca3aeed2d7.jpg	/recipe/219865/	草鱼肉、盐、料酒、干淀粉、番茄沙司、清水、白醋、白糖、水淀粉
萝卜炖牛腩	http://i2.xiachufang.com/image/140/89f60fea9eca11e38844b8ca3aeed2d7.jpg	/recipe/85997/	牛腩、萝卜、姜片、蒜瓣、花椒、八角、桂皮、盐、冰糖、柱侯酱、耗油、胡椒粉
四喜烤麸	http://i3.xiachufang.com/image/140/a29ed4049ecb11e38844b8ca3aeed2d7.jpg	/recipe/95233/	烤麸、木耳、黄花菜、花生、香菇、老抽、生抽、糖、水、芝麻油
油焖春笋	http://i1.xiachufang.com/image/140/a340eb869eda11e38844b8ca3aeed2d7.jpg	/recipe/246228/	春笋、高汤、生抽、老抽、糖、盐、醋、葱花
糖醋脆皮茄子	http://i4.xiachufang.com/image/140/fb1a72be9eda11e38844b8ca3aeed2d7.jpg	/recipe/247242/	茄子、蒜薹、胡萝卜、鸡蛋、葱、番茄酱、蚝油、糖、醋、低筋面粉、油
蒜茸粉丝娃娃菜	http://i1.xiachufang.com/image/140/b52cd6349ec611e38844b8ca3aeed2d7.jpg	/recipe/14887/	娃娃菜、粉丝、大蒜、蒸鱼豉油、盐、鸡精
蒜蓉蒸茄子	http://i2.xiachufang.com/image/140/421aa4a89ec811e38844b8ca3aeed2d7.jpg	/recipe/26697/	茄子、蒜头、生姜、油、生抽、糖、盐、葱花、鸡精
蚂蚁上树	http://i2.xiachufang.com/image/140/3918a4409ee611e38844b8ca3aeed2d7.jpg	/recipe/1005419/	瘦肉、绿豆粉丝、大葱的葱白部分、细香葱、姜、蒜、红油、豆瓣酱
韩式鲜菌辣肥牛汤锅	http://i1.xiachufang.com/image/140/32bd68149f0a11e38844b8ca3aeed2d7.jpg	/recipe/1071909/	肥牛、大白菜、鲜香菇、老豆腐、韩国辣酱、蟹味菇、蒜末、盐、糖、大葱
黄瓜炒鸡蛋	http://i1.xiachufang.com/image/140/8f4d17e29ec811e38844b8ca3aeed2d7.jpg	/recipe/34703/	黄瓜、鸡蛋、胡萝卜、调料盐、料酒、香油
鱼香茄盒	http://i4.xiachufang.com/image/140/b5a762729f1c11e38844b8ca3aeed2d7.jpg	/recipe/1089606/	茄子、牛肉末、虾仁、生抽、陈醋、白砂糖、郫县豆瓣酱、葱、姜、蒜、干辣椒、黑胡椒粉、花椒粉、料酒、香油、淀粉
懒人版日式金针菇肥牛	http://i3.xiachufang.com/image/140/8552a9669ee911e38844b8ca3aeed2d7.jpg	/recipe/1010669/	金针菇、火锅牛肉卷、米酒、生抽、糖、葱丝、盐
盐烤花生米	http://i2.xiachufang.com/image/140/b9c94f5e9edc11e3b4a6e0db5512b209.jpg	/recipe/255446/	生花生米、盐、开水
手捏菜炒蘑菇	http://i2.xiachufang.com/image/140/edfb3ad29f0711e38844b8ca3aeed2d7.jpg	/recipe/1069664/	小白菜（或青菜）、口蘑、干辣椒、盐
清爽鲜蔬	http://i4.xiachufang.com/image/140/51ce99229ee111e3b4a6e0db5512b209.jpg	/recipe/265996/	莲藕、西兰花、干木耳、荷兰豆、红萝卜、蒜、油、盐、糖、醋、柠檬汁
啤酒猪脚	http://i4.xiachufang.com/image/140/88f583169edc11e3b4a6e0db5512b209.jpg	/recipe/254209/	猪脚、啤酒、姜片、葱段、蒜片、八角、料酒、生抽、老抽、盐、干贝素、冰糖、红椒圈、葱丝
丝瓜炒蛋	http://i4.xiachufang.com/image/140/abd3db4c9ede11e3b4a6e0db5512b209.jpg	/recipe/258948/	丝瓜、蛋、大蒜、葱、盐、黄酒、白糖、菜籽油
剁椒排骨蒸土豆	http://i3.xiachufang.com/image/140/ca6b76f49ed011e3b4a6e0db5512b209.jpg	/recipe/142783/	排骨、土豆、姜、蒜、葱白、湖南剁椒、干花椒、红糖、生抽、生粉
芹菜炒牛肉	http://i1.xiachufang.com/image/140/58c793aa9ec811e38844b8ca3aeed2d7.jpg	/recipe/28181/	牛肉、芹菜、泡椒、盐、料酒、酱油、孜然粉、鸡精、生粉、油
玫瑰腐乳猪蹄	http://i1.xiachufang.com/image/140/ec1db9e89ede11e38844b8ca3aeed2d7.jpg	/recipe/260122/	猪蹄、玫瑰腐乳、葱、姜、八角、料酒、生抽、老抽、冰糖
锅包肉	http://i4.xiachufang.com/image/140/39437dba9edb11e38844b8ca3aeed2d7.jpg	/recipe/247490/	猪外脊、葱姜、香菜、油菜、盐、米醋、料酒、酱油、糖、玉米淀粉
紫菜蛋汤	http://i4.xiachufang.com/image/140/4d8eed269ec811e38844b8ca3aeed2d7.jpg	/recipe/26775/	紫菜、鸡蛋、盐、水、香油、葱花
醋溜白菜	http://i2.xiachufang.com/image/140/cc5339c09ec611e3b4a6e0db5512b209.jpg	/recipe/15213/	大白菜、干辣椒、陈醋、淀粉
茄子烧豆角	http://i1.xiachufang.com/image/140/ec25a9da9ec711e38844b8ca3aeed2d7.jpg	/recipe/23403/	茄子、长豆角、蒜、盐
土豆烧肉	http://i3.xiachufang.com/image/140/963931e29eca11e38844b8ca3aeed2d7.jpg	/recipe/85915/	五花肉、新土豆、生姜、花椒、冰糖、红糖
清炒莴笋	http://i3.xiachufang.com/image/140/8c0e90889ec811e38844b8ca3aeed2d7.jpg	/recipe/34188/	莴笋、蒜、干椒、朝天椒、盐、糖、白醋、鸡精
醋溜绿豆芽	http://i1.xiachufang.com/image/140/808ab7949ee311e3b4a6e0db5512b209.jpg	/recipe/1000955/	绿豆芽、小葱、花椒、白醋、糖、盐
珍珠丸子	http://i1.xiachufang.com/image/140/c7ac8ed89ec811e38844b8ca3aeed2d7.jpg	/recipe/35607/	肉馅、虾、糯米、盐、葱、姜、生抽、料酒、白胡椒粉、香油
白灼芥兰	http://i1.xiachufang.com/image/140/72bcd6a89ee611e38844b8ca3aeed2d7.jpg	/recipe/1006288/	芥兰、葱、姜、朝天椒、蚝油、生抽、蒸鱼豉油
小芹菜炒香干	http://i4.xiachufang.com/image/140/49a22bdc9ee211e3b4a6e0db5512b209.jpg	/recipe/268114/	小芹菜、香干、胡萝卜、姜、葱、蒜、盐、白糖
香菇青菜	http://i4.xiachufang.com/image/140/15ff9a9e9ece11e3b4a6e0db5512b209.jpg	/recipe/112766/	香菇、青菜、蒜、盐、鸡精
海带排骨汤	http://i2.xiachufang.com/image/140/c8f5aaf49efa11e38844b8ca3aeed2d7.jpg	/recipe/1051732/	肋小排、海带、葱段、姜片、盐、料酒
香煎葱香藕夹	http://i3.xiachufang.com/image/140/bf24be909edf11e38844b8ca3aeed2d7.jpg	/recipe/262132/	藕、猪肉馅儿、葱、姜、料酒、盐、生抽、白糖、鸡蛋、生粉
香喷喷的油煎豆腐	http://i4.xiachufang.com/image/140/8312a7129f3b11e38844b8ca3aeed2d7.jpg	/recipe/100028451/	豆腐、鸡蛋、油、葱、红辣椒、盐、青椒、淀粉
虎皮鹌鹑蛋	http://i3.xiachufang.com/image/140/896de2089edb11e38844b8ca3aeed2d7.jpg	/recipe/248938/	鹌鹑蛋、黑木耳、姜、蒜、葱、盐、酱油、白糖
清蒸丝瓜虾仁	http://i1.xiachufang.com/image/140/14cef4a29f3d11e38844b8ca3aeed2d7.jpg	/recipe/100030053/	丝瓜、活虾、葱蒜
茄汁豆腐煲	http://i4.xiachufang.com/image/140/625f48989ede11e38844b8ca3aeed2d7.jpg	/recipe/257972/	番茄、老豆腐、生粉、葱、生抽、盐、白糖
肉末豆腐	http://i4.xiachufang.com/image/140/4c7028a09ece11e38844b8ca3aeed2d7.jpg	/recipe/113312/	豆腐、猪肉馅、大葱、胡萝卜、青豆、盐、冰糖、生抽、料酒、水淀粉
糖醋里脊	http://i2.xiachufang.com/image/140/413384a29ee511e3b4a6e0db5512b209.jpg	/recipe/1003840/	猪里脊、生粉、面粉、番茄酱、蒜
番茄蛋汤	http://i3.xiachufang.com/image/140/7f8aea6c9efc11e38844b8ca3aeed2d7.jpg	/recipe/1054091/	番茄、鸭蛋、白糖、盐、清水、淀粉、鸡精
东坡肉	http://i3.xiachufang.com/image/140/92ce21529ecf11e38844b8ca3aeed2d7.jpg	/recipe/126312/	五花肉、香葱、老抽、生抽、料酒、冰糖
脆辣鸡胗	http://i2.xiachufang.com/image/140/e4b1e2a09edf11e3b4a6e0db5512b209.jpg	/recipe/263079/	鸡胗、榨菜、青红尖椒、泡椒、姜、蒜、生抽、蚝油、胡椒粉、料酒、干淀粉（或生粉）、盐、白糖
红烧鸡腿	http://i3.xiachufang.com/image/140/26a46f749ee111e38844b8ca3aeed2d7.jpg	/recipe/265888/	鸡腿、姜末、葱末、老抽、生抽、水、鸡精、糖、蚝油
虾仁炒蛋	http://i1.xiachufang.com/image/140/892417289ee911e3b4a6e0db5512b209.jpg	/recipe/1010608/	虾仁、鸡蛋、盐、料酒、冷冻混合蔬菜丁、葱
佛跳墙土鸡煲	http://i3.xiachufang.com/image/140/e34ebf7e9ede11e38844b8ca3aeed2d7.jpg	/recipe/260047/	土鸡、香菇、藕、栗子、青红椒、葱、姜、蒜、豆瓣酱、生抽、老抽
干豆角烧肉	http://i1.xiachufang.com/image/140/c8c81fa69ecf11e3b4a6e0db5512b209.jpg	/recipe/127287/	带皮五花肉、干豆角、姜、红椒、八角、料酒、酱油、糖、盐
香烧胡萝卜	http://i1.xiachufang.com/image/140/35dfe9909ec411e38844b8ca3aeed2d7.jpg	/recipe/12303/	胡萝卜、生抽、白糖、老抽、盐
洋葱炒鸡蛋	http://i4.xiachufang.com/image/140/da3c963e9ed111e38844b8ca3aeed2d7.jpg	/recipe/161467/	洋葱、鸡蛋、油、姜片、辣椒丝、盐、鸡精
爆炒鸡胗	http://i4.xiachufang.com/image/140/46fcb3a69ee311e38844b8ca3aeed2d7.jpg	/recipe/1000964/	鸡胗、剁椒、青红椒、生姜、大蒜、老抽、干辣椒、花椒、糖、料酒、醋
家常烧鸡块	http://i3.xiachufang.com/image/140/a03972ae9ee511e38844b8ca3aeed2d7.jpg	/recipe/1004691/	青椒、鸡腿、姜、葱、蒜、豆瓣酱、盐、料酒、糖
水煮肉片	http://i3.xiachufang.com/image/140/261493e89ee311e38844b8ca3aeed2d7.jpg	/recipe/1000386/	瘦猪肉、生菜、豆瓣酱、干辣椒、花椒、辣椒面、姜、蒜头、葱、食用油、酱油、盐、糖、鸡精、醋、淀粉、高汤、料酒、芝麻、花生
蒜蓉蒸丝瓜	http://i3.xiachufang.com/image/140/0d7fef4a9ed311e38844b8ca3aeed2d7.jpg	/recipe/170222/	丝瓜、蒜、小红辣椒、海鲜酱油、盐
土豆虾球	http://i4.xiachufang.com/image/140/a991287e1c6211e49919b8ca3aeed2d7.jpg	/recipe/100125539/	土豆、虾、面包糠、料酒、盐、花生油
豆角烧茄子	http://i2.xiachufang.com/image/140/1e9418089ee011e38844b8ca3aeed2d7.jpg	/recipe/262970/	长茄子、豆角、肉末、蒜、生抽、老抽、鸡精、糖、蚝油、盐
蒜苗炒肉丝	http://i3.xiachufang.com/image/140/d067f8e49ee311e38844b8ca3aeed2d7.jpg	/recipe/1001608/	新鲜嫩蒜苗、猪腿肉、鸡蛋清、干淀粉、鲜汤、植物油、老抽、精盐、味精、白糖、香葱、姜、麻油
咸蛋黄焗南瓜	http://i4.xiachufang.com/image/140/b897f75e9ec611e3b4a6e0db5512b209.jpg	/recipe/13542/	咸蛋黄、南瓜、食用油、盐、鸡精
照烧鸡腿	http://i2.xiachufang.com/image/140/f89cb42a9edf11e38844b8ca3aeed2d7.jpg	/recipe/262883/	琵琶腿、姜、盐、料酒、生抽、老抽、白糖、蜂蜜
茄汁虾仁豆腐	http://i3.xiachufang.com/image/140/c36c7b769edc11e38844b8ca3aeed2d7.jpg	/recipe/255060/	鲜虾、豆腐、蕃茄酱、葱、姜、料洒、淀粉、盐、生抽、糖
竹笋炒肉	http://i2.xiachufang.com/image/140/bafc5e749ece11e38844b8ca3aeed2d7.jpg	/recipe/117062/	竹笋、猪肉、淀粉、料酒、糖、生抽、老抽、蒜
红烧猪蹄	http://i3.xiachufang.com/image/140/f0a988e09edc11e38844b8ca3aeed2d7.jpg	/recipe/256267/	猪蹄、老抽、生抽、料酒、香叶、桂皮、八角、盐、冰糖、葱姜、花椒
肉丸蒸冬瓜	http://i1.xiachufang.com/image/140/989046229f2111e38844b8ca3aeed2d7.jpg	/recipe/1094513/	肉糜、冬瓜、生抽、葱花、麻油
芦笋虾仁	http://i3.xiachufang.com/image/140/20736b629ee311e38844b8ca3aeed2d7.jpg	/recipe/1000350/	虾仁、芦笋、料酒、盐、姜丝、淀粉、白胡椒粉、青葱、干辣椒
五花肉爆炒花菜	http://i4.xiachufang.com/image/140/a9abfeac80c611e398c8b8ca3aeed2d7.jpg	/recipe/100029512/	花菜、尖椒、五花肉、大蒜、生姜、豆瓣酱、盐、生抽
彩椒炒鸡丁	http://i4.xiachufang.com/image/140/bdf6cb249ec811e3b4a6e0db5512b209.jpg	/recipe/35758/	鸡脯肉、红黄绿彩椒、盐、生粉、鸡精、少许糖
金玉满堂	http://i1.xiachufang.com/image/140/d76bd4c49ed111e3b4a6e0db5512b209.jpg	/recipe/161509/	玉米、黄瓜、胡萝卜、盐、油、葱段、淀粉
肉臊烘蛋	http://i3.xiachufang.com/image/140/010d9c4c9edf11e38844b8ca3aeed2d7.jpg	/recipe/260004/	猪绞肉、黑木耳、香菇、鸡蛋、姜葱蒜、郫县豆瓣、糖、生抽、水淀粉
黄瓜炒肉片	http://i3.xiachufang.com/image/140/29fa53b09ef911e3b4a6e0db5512b209.jpg	/recipe/1050301/	黄瓜、瘦肉、淀粉、生抽、盐
香辣肉丝	http://i2.xiachufang.com/image/140/9ed61c809ec411e38844b8ca3aeed2d7.jpg	/recipe/11991/	里脊、料酒、生抽、糖、胡椒、香菜丝、辣椒丝、葱、姜、蒜、麻油、盐
腰果虾仁	http://i3.xiachufang.com/image/140/c56ee0369ee511e3b4a6e0db5512b209.jpg	/recipe/1004915/	腰果、虾仁、姜、蒜、胡椒粉、生抽、青椒红椒
香菇鸡翅	http://i4.xiachufang.com/image/140/78568ade9ecb11e38844b8ca3aeed2d7.jpg	/recipe/93758/	香菇、鸡全翅、葱、姜、料酒、盐、生抽、老抽、糖
毛豆炒肉丁	http://i2.xiachufang.com/image/140/3f893fe69ec911e3b4a6e0db5512b209.jpg	/recipe/43613/	毛豆、肉丁、红辣椒、湿芡粉、盐、糖、鸡精
油焖冬笋	http://i3.xiachufang.com/image/140/8ea33f669eea11e38844b8ca3aeed2d7.jpg	/recipe/1012238/	冬笋、生姜、冰糖、老抽、生抽
葱油芋艿	http://i3.xiachufang.com/image/140/859955129ec811e3b4a6e0db5512b209.jpg	/recipe/33876/	芋艿、香葱、盐、糖、水、植物油
清炒红苋菜	http://i1.xiachufang.com/image/140/007420da9ed011e38844b8ca3aeed2d7.jpg	/recipe/128974/	红苋菜、蒜、盐、食用油
笋干烧肉	http://i1.xiachufang.com/image/140/c416ba1a9ec711e3b4a6e0db5512b209.jpg	/recipe/22602/	猪五花肉、笋干、葱、姜、生抽、老抽、糖、鸡精
糖醋排骨	http://i4.xiachufang.com/image/140/175b57269ef011e38844b8ca3aeed2d7.jpg	/recipe/1040324/	排骨、大葱、姜、芝麻、小葱花、生抽、白砂糖、香醋、料酒
蜜汁鸡翅	http://i2.xiachufang.com/image/140/d059dfdc9ee511e38844b8ca3aeed2d7.jpg	/recipe/1005185/	鸡翅中、蜂蜜、黄酒、白糖、老抽、盐、姜、味精
家常红烧肉末豆腐	http://i4.xiachufang.com/image/140/322d15ba9eed11e38844b8ca3aeed2d7.jpg	/recipe/1015807/	猪肉肉馅、豆腐、葱、姜、干辣椒、豆瓣酱（或者老干妈）、生抽、老抽
香煎西葫芦	http://i3.xiachufang.com/image/140/9175329c9f1e11e38844b8ca3aeed2d7.jpg	/recipe/1090706/	西葫芦、鸡蛋、胡椒盐、面粉
红烧猪蹄	http://i2.xiachufang.com/image/140/26a4ae289edf11e38844b8ca3aeed2d7.jpg	/recipe/260119/	猪蹄、葱、姜、蒜、香叶、干辣椒、料酒、老抽、红腐乳、冰糖、盐
豉汁蒸排骨	http://i2.xiachufang.com/image/140/6c3319ba9ee511e3b4a6e0db5512b209.jpg	/recipe/1004429/	小排、蒜、姜、青椒、葱、干豆豉、黄酒、生抽、白糖、油
砂锅娃娃菜	http://i2.xiachufang.com/image/140/5e5a9d4a9ee011e38844b8ca3aeed2d7.jpg	/recipe/263950/	五花肉、娃娃菜、油豆腐、大蒜、盐、蚝油、生抽、鸡精、老干妈
青柠檬蜂蜜煎鸡翅	http://i4.xiachufang.com/image/140/75d4b0f49f3111e38844b8ca3aeed2d7.jpg	/recipe/100018722/	翅中、青桔、白糖、油、盐、蜂蜜、青柠檬汁、生抽、水
啤酒鱼	http://i4.xiachufang.com/image/140/7278d2329ec811e3b4a6e0db5512b209.jpg	/recipe/33649/	鱼、姜、蒜、青椒、红椒、啤酒、酱油、生抽、盐、鸡精、葱花
番茄炖牛肉	http://i4.xiachufang.com/image/140/cde7d43c9ee711e38844b8ca3aeed2d7.jpg	/recipe/1008019/	番茄、牛肉、料酒、花椒粒、姜片、八角、食用油、小红椒、黑胡椒、盐
红烧日本豆腐	http://i3.xiachufang.com/image/140/e775fa2e9ecd11e3b4a6e0db5512b209.jpg	/recipe/111526/	日本豆腐、青辣椒、红辣椒、葱白、生粉、蚝油、生抽、鸡精
土豆炖排骨	http://i2.xiachufang.com/image/140/a0c307a09ed911e3b4a6e0db5512b209.jpg	/recipe/236431/	排骨、土豆、油、葱姜蒜、生抽、老抽、盐、料酒、糖、花椒
蟹黄豆花	http://i2.xiachufang.com/image/140/f6386b269f2e11e38844b8ca3aeed2d7.jpg	/recipe/100013458/	咸蛋黄、内酯豆腐、葱花、盐、油、蒜蓉、姜末
鱼香煎豆腐	http://i4.xiachufang.com/image/140/cd8536c69ee011e38844b8ca3aeed2d7.jpg	/recipe/264495/	豆腐、猪绞肉、葱、姜、蒜、泡椒、郫县豆瓣、糖、陈醋、生抽、水淀粉
夏日凉拌茄	http://i4.xiachufang.com/image/140/02e5f4fc9ef211e38844b8ca3aeed2d7.jpg	/recipe/1043217/	茄子、青椒、蒜、生姜粉、食用油、花椒面儿、醋、生抽、干辣椒（也可不放）、盐、熟芝麻面（也可不放）、鸡精
虎皮尖椒酿肉	http://i1.xiachufang.com/image/140/392f1b069ef711e38844b8ca3aeed2d7.jpg	/recipe/1048766/	尖椒、肉末、葱花、盐、生抽、鸡精、糖
粉丝蒸丝瓜	http://i3.xiachufang.com/image/140/49b876ea9ef511e3b4a6e0db5512b209.jpg	/recipe/1046564/	丝瓜、粉丝、茶树菇、姜末、油、生抽、盐、糖
蒜蓉粉丝娃娃菜	http://i3.xiachufang.com/image/140/4c58e83a9ed711e38844b8ca3aeed2d7.jpg	/recipe/194031/	娃娃菜、粉丝、大蒜、植物油、生抽、盐、清水
麻辣干锅小土豆	http://i1.xiachufang.com/image/140/bd46fe969edd11e38844b8ca3aeed2d7.jpg	/recipe/256884/	小土豆、辣椒、花椒、孜然、大蒜、盐、糖、生抽、香醋
豌豆玉米炒胡萝卜	http://i2.xiachufang.com/image/140/e8194bdc9ee311e3b4a6e0db5512b209.jpg	/recipe/1001737/	豌豆粒、玉米粒、胡萝卜丁
香煎茄盒	http://i4.xiachufang.com/image/140/0642fcf49ed811e38844b8ca3aeed2d7.jpg	/recipe/199519/	长茄子、肉末、干淀粉、蛋清、辣酱、黄豆酱、葱、姜、蒜、味精、盐、料酒、酱油、白糖
山药木耳炒青椒	http://i2.xiachufang.com/image/140/3329932e9eea11e3b4a6e0db5512b209.jpg	/recipe/1011516/	山药、黑木耳、青椒、盐，鸡精
清蒸螃蟹	http://i2.xiachufang.com/image/140/c3dedee29ee511e38844b8ca3aeed2d7.jpg	/recipe/1004787/	螃蟹、姜、啤酒、醋、糖、鸡粉
红烧肉	http://i1.xiachufang.com/image/140/a9f178d26df311e380a4e0db5512b209.jpg	/recipe/1070913/	五花肉、葱、姜、老抽、八角、小茴香、料酒、花椒、陈皮、香叶、盐、食用油、白糖
秘制红烧狮子头	http://i2.xiachufang.com/image/140/9a5f52d89ecf11e38844b8ca3aeed2d7.jpg	/recipe/126856/	猪肉（带点肥肉哈）、鸡蛋、油条、葱、姜、生粉、盐、生抽、老抽、料酒
地狱猪手煲	http://i3.xiachufang.com/image/140/c0420d2c9f0811e3b4a6e0db5512b209.jpg	/recipe/1070637/	猪手、甜玉米、鲜蘑菇、老姜、大葱、朝天椒、青蒜、甜面酱、郫县豆瓣酱、辣椒粉、小茴香、料酒、油
红烧豆腐	http://i1.xiachufang.com/image/140/83f70f149ee211e38844b8ca3aeed2d7.jpg	/recipe/268625/	豆腐、香葱、盐、生抽、老抽、料酒、白糖、鸡精
虎皮青椒	http://i2.xiachufang.com/image/140/15b753329ee311e3b4a6e0db5512b209.jpg	/recipe/1000192/	青椒、酱油、香辣油、老干妈
鸡块烧土豆	http://i1.xiachufang.com/image/140/58b519269eca11e38844b8ca3aeed2d7.jpg	/recipe/83899/	鸡块、土豆、花生油、白糖、料酒、老抽、生抽、胡椒粉、葱、姜、蒜
红烧肉（苏式版）	http://i4.xiachufang.com/image/140/2f99b4cebeb011e3b18ee0db5512b209.jpg	/recipe/1040945/	五花肉、料酒、醋、红烧酱油、盐、冰糖
西兰花炒虾仁	http://i2.xiachufang.com/image/140/521c46fe9ec811e38844b8ca3aeed2d7.jpg	/recipe/26781/	虾仁、西兰花、水、盐、油
文蛤蒸蛋	http://i3.xiachufang.com/image/140/352c624e9ec911e38844b8ca3aeed2d7.jpg	/recipe/43318/	文蛤、鸡蛋、盐、香油、小葱
荷塘小炒	http://i2.xiachufang.com/image/140/2723ef209ec711e38844b8ca3aeed2d7.jpg	/recipe/17979/	藕、胡萝卜、木耳、百合、香芹、蒜、盐、鸡精、水淀粉
少油绝味手撕包菜	http://i2.xiachufang.com/image/140/0c9eeb669f3311e38844b8ca3aeed2d7.jpg	/recipe/100020360/	球形圆白菜、五花肉、干辣椒、蒸鱼豉油、鸡精、味精、白醋、水淀粉
香菇蒸鸡块	http://i4.xiachufang.com/image/140/dba3b1169edf11e3b4a6e0db5512b209.jpg	/recipe/262077/	鸡全翅、鲜香菇、姜、蒜、盐、生抽、老抽、香油、鸡精、水淀粉
叉烧排骨	http://i1.xiachufang.com/image/140/58f7f00e9edc11e38844b8ca3aeed2d7.jpg	/recipe/254459/	排骨、李锦记叉烧酱、植物油、清水、油菜、食盐
蛋黄焗苦瓜	http://i2.xiachufang.com/image/140/f8ca6a669ee211e3b4a6e0db5512b209.jpg	/recipe/270137/	蛋黄、苦瓜
蚝油芦笋牛肉粒	http://i2.xiachufang.com/image/140/652730749edc11e38844b8ca3aeed2d7.jpg	/recipe/254469/	芦笋、牛肉、蚝油、黑胡椒、糖、蒜头、姜、淀粉、料酒、老抽
烧茄子	http://i3.xiachufang.com/image/140/4b5649e29ee511e3b4a6e0db5512b209.jpg	/recipe/1004251/	茄子、西红柿、青椒、淀粉、油、郫县豆瓣、番茄酱、蚝油、加加味极鲜、李锦记蒸鱼豉油、白糖、葱蒜末一把、干辣椒
红烧排骨	http://i1.xiachufang.com/image/140/eeef71229ec811e38844b8ca3aeed2d7.jpg	/recipe/37693/	肋排、香菇、油、糖、葱姜、老抽、生抽、盐、八角
干煸椒盐排骨	http://i4.xiachufang.com/image/140/87eb1f9c9ede11e3b4a6e0db5512b209.jpg	/recipe/258845/	仔排、葱、姜、干辣椒、料酒、盐、油、糖、椒盐
省时少油的干煸四季豆	http://i2.xiachufang.com/image/140/4231693e9ee311e38844b8ca3aeed2d7.jpg	/recipe/1000859/	四季豆、花椒、干辣椒、盐、糖
西兰花香菇炒培根	http://i4.xiachufang.com/image/140/c64015809ecb11e3b4a6e0db5512b209.jpg	/recipe/95702/	培根、西兰花、香菇、洋葱、姜、蒜、辣椒、辣豆豉、黑胡椒、酱油、盐
冬瓜海带汤	http://i3.xiachufang.com/image/140/525a5c469ec811e38844b8ca3aeed2d7.jpg	/recipe/26674/	冬瓜、海带结、油、盐
羊肉炖白萝卜	http://i2.xiachufang.com/image/140/a605e18a9ec311e38844b8ca3aeed2d7.jpg	/recipe/9822/	羊肉、白萝卜、枸杞、葱姜、白酒、胡椒粉、盐
麻辣炒翅中	http://i4.xiachufang.com/image/140/0f6cc4069ee011e38844b8ca3aeed2d7.jpg	/recipe/262903/	鸡翅中、花椒、干辣椒、洋葱、姜、生抽、黄酒、冰糖、香油、盐
西红柿炒双花	http://i2.xiachufang.com/image/140/3a9b0bd49edf11e38844b8ca3aeed2d7.jpg	/recipe/260734/	菜花、西兰花、西红柿、盐、蒜、姜、葱、糖、鸡精
清蒸黄花鱼	http://i2.xiachufang.com/image/140/ba1dbe789ee511e3b4a6e0db5512b209.jpg	/recipe/1004984/	黄花鱼、蒸鱼豉油（或生抽）、生姜、葱
菠萝油条虾	http://i3.xiachufang.com/image/140/6de590149ed911e3b4a6e0db5512b209.jpg	/recipe/231090/	凤梨、明虾、油条、熟黑芝麻、盐、料酒、胡椒粉、鸡精、厚生粉水、卡夫奇妙酱
肉末烧豆腐	http://i3.xiachufang.com/image/140/8f4540469ed511e38844b8ca3aeed2d7.jpg	/recipe/184953/	老豆腐、肉末、蒜末、老抽、盐、糖
鸡肉杏鲍菇盐煮	http://i2.xiachufang.com/image/140/d8b05b749efa11e38844b8ca3aeed2d7.jpg	/recipe/1051889/	鸡腿肉、月桂叶、盐、杏鲍菇、胡萝卜、橄榄油、白葡萄酒（料理用）、水、黑胡椒（粗挽）
清炒菜花	http://i2.xiachufang.com/image/140/f101d4b89ec911e3b4a6e0db5512b209.jpg	/recipe/77929/	菜花、红尖椒、橄榄油、盐、葱、蒜
虎皮尖椒	http://i2.xiachufang.com/image/140/38111b7e9ecb11e38844b8ca3aeed2d7.jpg	/recipe/91842/	青椒、大蒜
炒大白菜	http://i3.xiachufang.com/image/140/7ac1e3c09ee611e38844b8ca3aeed2d7.jpg	/recipe/1006139/	大白菜、盐
蒜子啤酒烧鱼块	http://i4.xiachufang.com/image/140/11a6461a9ec811e3b4a6e0db5512b209.jpg	/recipe/25129/	草鱼块、大蒜、啤酒、料酒、葱、姜、盐、胡椒粉、糖、老抽
酸菜猪肉炖粉条	http://i4.xiachufang.com/image/140/302eb0109eda11e3b4a6e0db5512b209.jpg	/recipe/243119/	五花肉、东北酸白菜、东北大拉皮、姜、油、老抽、料酒、盐、鸡精、胡椒粉
青椒茄子丝	http://i4.xiachufang.com/image/140/814332e09ed111e38844b8ca3aeed2d7.jpg	/recipe/159304/	茄子、青椒、大蒜头、盐、鸡精
西芹百合	http://i1.xiachufang.com/image/140/1f3bd2209ee311e38844b8ca3aeed2d7.jpg	/recipe/1000262/	西芹、鲜百合、盐、白胡椒粉
炒馒头	http://i2.xiachufang.com/image/140/0dfd2a049ee311e38844b8ca3aeed2d7.jpg	/recipe/1000236/	馒头、葱、西红柿、盐、糖、鸡精
土豆焖鸭	http://i3.xiachufang.com/image/140/64411c3a9ecb11e38844b8ca3aeed2d7.jpg	/recipe/93379/	鸭腿、土豆、姜、葱、料酒、老抽、生抽、八角、桂皮、醋、盐
咖喱土豆	http://i3.xiachufang.com/image/140/43de116c9ec811e38844b8ca3aeed2d7.jpg	/recipe/26510/	土豆、咖喱、油、水、盐
海鲜白菜卷	http://i1.xiachufang.com/image/140/1be5e25e9edf11e38844b8ca3aeed2d7.jpg	/recipe/260695/	大白菜叶、虾仁、鲜鱿鱼、黄瓜、鸡蛋、盐、干淀粉
玉米土豆丝小煎饼	http://i4.xiachufang.com/image/140/c6d59f709ede11e38844b8ca3aeed2d7.jpg	/recipe/259374/	土豆、鸡蛋、玉米粒、面粉、韭菜、盐
腊肉尖椒炒洋葱	http://i4.xiachufang.com/image/140/6d8e2a669ec711e3b4a6e0db5512b209.jpg	/recipe/20356/	腊肉、尖椒、洋葱、生抽、香油
酒蒸蛤蜊	http://i4.xiachufang.com/image/140/b115459a9ef311e38844b8ca3aeed2d7.jpg	/recipe/1045716/	蛤蜊、大蒜、辣椒、酒、酱油、沙拉油、黄油（奶油）、小葱
白菜豆腐汤	http://i4.xiachufang.com/image/140/515b10ca9ecc11e3b4a6e0db5512b209.jpg	/recipe/101544/	白菜、豆腐、墨鱼丸、竹轮、鱼豆腐、葱段、大料、盐、香油
青椒炒蛋	http://i2.xiachufang.com/image/140/0520d5969ee511e38844b8ca3aeed2d7.jpg	/recipe/1003601/	鸡蛋、尖椒、葱、干辣椒、肉末
家常白面馒头	http://i3.xiachufang.com/image/140/3d650eb69ef111e38844b8ca3aeed2d7.jpg	/recipe/1042221/	面粉、水、酵母
芦笋炒虾仁	http://i4.xiachufang.com/image/140/c2aefc489ecf11e38844b8ca3aeed2d7.jpg	/recipe/128112/	芦笋、虾仁、蒜、料酒、植物油、盐、鸡粉
牙签肉	http://i2.xiachufang.com/image/140/2ce3276e9ecc11e38844b8ca3aeed2d7.jpg	/recipe/99804/	猪颈背肉、油、生抽、盐、花椒粉、淀粉、孜然粉、辣椒粉
酸汤肥牛	http://i1.xiachufang.com/image/140/e564616e9eee11e38844b8ca3aeed2d7.jpg	/recipe/1025817/	肥牛、金针菇、香菜、小米辣、小杭椒、黄酒、盐、灯笼辣椒酱、野山椒泡椒水、小香葱、蒜碎、鸡汁浓汤宝
白菜炒年糕	http://i3.xiachufang.com/image/140/7d04173c9ee811e38844b8ca3aeed2d7.jpg	/recipe/1009170/	白菜、年糕、韩式辣椒酱
红烧鹌鹑蛋	http://i3.xiachufang.com/image/140/b4bf55d89eca11e38844b8ca3aeed2d7.jpg	/recipe/87493/	鹌鹑蛋、葱、姜、干辣椒、老抽、冰糖
红烧肉	http://i3.xiachufang.com/image/140/831f18549eea11e38844b8ca3aeed2d7.jpg	/recipe/1012099/	猪五花肉、八角、桂皮、香叶、老姜、葱、生抽、老抽、嘉善黄酒、白糖、鸡精、小红辣椒
土豆烧排骨	http://i2.xiachufang.com/image/140/2d1cff729ee311e38844b8ca3aeed2d7.jpg	/recipe/1000805/	土豆、排骨、干辣椒、香料若干
家常素冷面	http://i1.xiachufang.com/image/140/bf72ba249ee311e38844b8ca3aeed2d7.jpg	/recipe/1001426/	冷面、黄瓜、苹果、米醋、糖、盐、生抽、韩式辣酱、熟芝麻、姜末
辣白菜炒五花肉	http://i4.xiachufang.com/image/140/1f53a9029ec711e38844b8ca3aeed2d7.jpg	/recipe/17849/	辣白菜、五花肉、油、牛栏山二锅头、葱姜、韩式辣酱、米汤、糯米粉
清蒸武昌鱼	http://i1.xiachufang.com/image/140/569a06ba9eca11e38844b8ca3aeed2d7.jpg	/recipe/84056/	武昌鱼、葱丝、姜丝、红椒丝
红烧羊肉萝卜	http://i4.xiachufang.com/image/140/ac5ff81e9ee011e3b4a6e0db5512b209.jpg	/recipe/264747/	羊肉、白萝卜、葱、姜、蒜、香叶、八角、花椒、孜然、老抽、生抽、香菜、料酒
蒜薹炒鸡蛋	http://i1.xiachufang.com/image/140/c476a6169eca11e38844b8ca3aeed2d7.jpg	/recipe/87649/	蒜薹、鸡蛋
姜母鸭	http://i3.xiachufang.com/image/140/e2ed63ca9ed711e38844b8ca3aeed2d7.jpg	/recipe/198106/	鸭、老姜、芝麻油、广东米酒、老抽、白糖、枸杞、盐
麻辣豆腐	http://i4.xiachufang.com/image/140/7a59eb7c9ee511e38844b8ca3aeed2d7.jpg	/recipe/1004221/	豆腐、豆瓣酱、盐、辣椒面、花椒面、姜
猪肉炖粉条	http://i1.xiachufang.com/image/140/8915baa89eca11e3b4a6e0db5512b209.jpg	/recipe/86068/	猪五花肉、土豆粉条、老抽、盐、葱、姜、蒜、花椒、八角、香叶、料酒、糖
土豆烧牛肉	http://i3.xiachufang.com/image/140/3397ca169ee411e38844b8ca3aeed2d7.jpg	/recipe/1002332/	牛肉、土豆、葱、姜片、八角、盐、老抽、生抽、香菜
豆豉辣酱蒸鱼片	http://i3.xiachufang.com/image/140/1b8e66389f3311e38844b8ca3aeed2d7.jpg	/recipe/100020673/	冷冻龙利鱼、香葱、生姜、小米椒、豆豉酱、鲜酱油、糖、料酒、盐、胡椒粉
西红柿蛋花汤	http://i1.xiachufang.com/image/140/60edbc609eca11e38844b8ca3aeed2d7.jpg	/recipe/84020/	西红柿、鸡蛋、盐、胡椒粉、葱花、香油
红烧狮子头	http://i1.xiachufang.com/image/140/02ef67049ec911e38844b8ca3aeed2d7.jpg	/recipe/37729/	肉泥、淮山、笨鸡蛋、生抽、老抽、盐、蚝油、黑胡椒粉、花椒油、大葱末、姜末、面包糠、高汤、八角、桂皮、花椒、葱段、姜片、冰糖、水淀粉
咸蛋黄焗山药	http://i2.xiachufang.com/image/140/cbc9b3f69edc11e38844b8ca3aeed2d7.jpg	/recipe/255602/	山药、真空咸鸭蛋、生粉、葱
腊肠西兰花小炒	http://i4.xiachufang.com/image/140/c56e4e509ec711e38844b8ca3aeed2d7.jpg	/recipe/22731/	广式腊肠、西蓝花、胡萝卜、姜、蒜、蚝油、盐、鸡粉
家乡味，肉酿面筋	http://i1.xiachufang.com/image/140/eebcb5de9f0e11e3b4a6e0db5512b209.jpg	/recipe/1075739/	油面筋、肉糜、姜、葱、黑木耳、大头菜（或乌江榨菜，这个是我个人喜好，可以不放）、冬笋（时令货，当季没有也可不放）、鸡蛋、料酒、生抽、老抽
酸菜鱼	http://i4.xiachufang.com/image/140/ebb1a75c9ef311e38844b8ca3aeed2d7.jpg	/recipe/1045691/	酸菜、鲈鱼、辣椒干、姜丝、酱油、盐、生粉、油、水、葱花
清炒菠菜	http://i2.xiachufang.com/image/140/e8a75f469ee611e38844b8ca3aeed2d7.jpg	/recipe/1006668/	菠菜、猪油、盐
冬瓜汆丸子	http://i3.xiachufang.com/image/140/0dd9ce289edf11e3b4a6e0db5512b209.jpg	/recipe/259955/	冬瓜、猪肉馅、粉丝、鸡蛋、葱姜水、淀粉、生抽、白胡椒粉、盐、糖1/4、黄酒、香油、香菜
蒜蓉西兰花	http://i1.xiachufang.com/image/140/4ea007ea9ee611e38844b8ca3aeed2d7.jpg	/recipe/1005882/	西兰花、大蒜、盐、油
绿茶香排骨	http://i3.xiachufang.com/image/140/2c62b4469f2411e38844b8ca3aeed2d7.jpg	/recipe/1100246/	精排、绿茶、生抽、老抽、油、盐、姜、蒜
西红柿炖牛腩	http://i2.xiachufang.com/image/140/81dc111e9ec611e38844b8ca3aeed2d7.jpg	/recipe/12885/	西红柿、牛腩、花椒、大料、小茴香、葱、姜、蒜、香芹、盐、白糖、胡椒粉、绍酒
豆角烧茄子	http://i1.xiachufang.com/image/140/ba52df7a9ed311e3b4a6e0db5512b209.jpg	/recipe/175064/	茄子、长豆角、生姜、蒜头、干红辣椒
茄子豆角	http://i3.xiachufang.com/image/140/370dd8b40c1e11e49919b8ca3aeed2d7.jpg	/recipe/100350106/	茄子、豆角、蒜头、辣椒、耗油、油、盐
谁都能来一发的快手土豆鸡块	http://i2.xiachufang.com/image/140/59867c169f2211e3b4a6e0db5512b209.jpg	/recipe/1095173/	鸡、葱姜蒜、干辣椒、酱油、糖、料酒、土豆、洋葱
粉丝圆白菜	http://i4.xiachufang.com/image/140/c792743c9ec611e38844b8ca3aeed2d7.jpg	/recipe/13895/	粉丝、圆白菜、葱花、干辣椒、盐、蒜末
姜葱炒蟹	http://i4.xiachufang.com/image/140/c7528f8e9ecb11e38844b8ca3aeed2d7.jpg	/recipe/97985/	螃蟹、葱、姜、盐、胡椒粉、绍酒、水淀粉、白糖
省油版烧茄子	http://i4.xiachufang.com/image/140/5cb948d09eca11e38844b8ca3aeed2d7.jpg	/recipe/83908/	茄子、胡萝卜、尖椒、盐、油、料酒、酱油、醋、白糖、水淀粉、蒜末、葱花
肉酿苦瓜	http://i4.xiachufang.com/image/140/ad7466569eca11e38844b8ca3aeed2d7.jpg	/recipe/87226/	猪肉、苦瓜、料酒、生抽、五香粉、盐、鸡蛋、香油、香葱、水淀粉
白菜炖粉条	http://i2.xiachufang.com/image/140/ce4e8da29f0611e38844b8ca3aeed2d7.jpg	/recipe/1068773/	白菜、五花肉、粉条、香菇、葱、姜、八角、盐、鸡精、酱油、蚝油
胡萝卜炒肉丝	http://i1.xiachufang.com/image/140/ba4d300a9eda11e38844b8ca3aeed2d7.jpg	/recipe/246080/	胡萝卜、猪肉、老抽、盐、食用油
糖醋排骨	http://i4.xiachufang.com/image/140/2cedb0b69ee111e3b4a6e0db5512b209.jpg	/recipe/265738/	猪肋排骨、白芝麻、陈醋、冰糖、料酒、老抽、植物油
西红柿烧茄子	http://i2.xiachufang.com/image/140/8bc5efc49edf11e3b4a6e0db5512b209.jpg	/recipe/261932/	圆茄子、西红柿、盐、橄榄油、花椒、葱、姜、蒜、生抽、老抽、白糖
杭椒牛柳	http://i3.xiachufang.com/image/140/34f092529ecc11e3b4a6e0db5512b209.jpg	/recipe/99653/	牛里脊、杭椒、油、生抽、老抽、黑胡椒粉、盐、料酒、淀粉、葱姜
软炸虾仁	http://i2.xiachufang.com/image/140/55fe47209ee311e3b4a6e0db5512b209.jpg	/recipe/1000877/	虾仁、淀粉、面粉、鸡蛋、花椒粉、胡椒粉、盐、油、料酒
芹菜炒鸡蛋	http://i3.xiachufang.com/image/140/bf7123747b6d11e3ada9e0db5512b209.jpg	/recipe/100052169/	芹菜、鸡蛋、小辣椒、料酒、清水、盐、白糖
黄豆烧猪蹄	http://i1.xiachufang.com/image/140/2a14a2d89ee011e38844b8ca3aeed2d7.jpg	/recipe/263373/	猪蹄、黄豆、葱、姜、八角、桂皮、干红辣椒、香叶、料酒、生抽、老抽、冰糖
鱼香肉丝	http://i1.xiachufang.com/image/140/e9f995329edf11e38844b8ca3aeed2d7.jpg	/recipe/263164/	猪里脊肉、冬笋、胡萝卜、黑木耳、葱末、姜末、蒜末、剁椒、水淀粉（一汤匙干淀粉加3汤匙清水调匀）、料酒、醋、生抽、白糖、香麻油、水
水煮鱼	http://i1.xiachufang.com/image/140/dc2d7fcc9edf11e38844b8ca3aeed2d7.jpg	/recipe/262688/	黑鱼、料酒、生抽、盐、白糖、红油豆瓣、花椒、干辣椒、蒜瓣、葱、姜、香菜、生粉、金针菇
爆炒圆白菜	http://i4.xiachufang.com/image/140/cc2bd90c9ec611e38844b8ca3aeed2d7.jpg	/recipe/15341/	圆白菜、干辣椒、盐
肥牛金针菇	http://i4.xiachufang.com/image/140/c46a1d609eca11e38844b8ca3aeed2d7.jpg	/recipe/88118/	金针菇、肥牛片、香菇、豆瓣酱
腊肠炒芹菜	http://i1.xiachufang.com/image/140/79639ac49ed111e3b4a6e0db5512b209.jpg	/recipe/158920/	芹菜、腊肠、干木耳
糖醋排骨	http://i3.xiachufang.com/image/140/d4532a4e9ec711e38844b8ca3aeed2d7.jpg	/recipe/22758/	猪仔排骨、糖、生抽、老抽、醋、料酒、葱段、熟芝麻、姜片、油、盐
辣椒炒肚丝	http://i3.xiachufang.com/image/140/773ffab49ede11e3b4a6e0db5512b209.jpg	/recipe/258622/	猪肚、红辣椒、青辣椒 | 葱、蒜、盐、老干妈辣椒酱、花椒油、粗盐、面粉、白醋、花椒粒、胡椒粒、葱段、料酒
苦瓜炒蛋	http://i2.xiachufang.com/image/140/e85fec349ec711e38844b8ca3aeed2d7.jpg	/recipe/23526/	苦瓜、鸡蛋、蒜末、盐、鸡精
干煸菜花	http://i4.xiachufang.com/image/140/04f253ac9ecb11e38844b8ca3aeed2d7.jpg	/recipe/90149/	菜花、猪肉丁、青椒、红椒、干辣椒、葱、蒜、姜、生抽、盐
小白菜炒豆腐	http://i2.xiachufang.com/image/140/a4ea20729ec811e38844b8ca3aeed2d7.jpg	/recipe/35521/	豆腐、小白菜、葱、姜、盐
莲藕木耳炒肉片	http://i3.xiachufang.com/image/140/5cda7cc09edf11e38844b8ca3aeed2d7.jpg	/recipe/260608/	莲藕、猪肉、黑木耳、葱、姜、泡辣椒、盐、醋、白糖、水淀粉、料酒、十三香、味精
番茄酱焖菜花	http://i2.xiachufang.com/image/140/15b6edfcd09d11e3836eb8ca3aeed2d7.jpg	/recipe/100153055/	番茄酱、菜花、葱、蒜、盐、蚝油、酱油
葱爆蛏子	http://i3.xiachufang.com/image/140/a57abdd69ec711e38844b8ca3aeed2d7.jpg	/recipe/22289/	蛏子、葱、姜、蒜、酱油、料酒、胡椒粉、盐、白糖
